<profile version="1.0">
  <option name="myName" value="Default" />
  <inspection_tool class="AutoCloseableResource" enabled="true" level="WARNING" enabled_by_default="true">
    <option name="METHOD_MATCHER_CONFIG" value="java.util.Formatter,format,java.io.Writer,append,com.google.common.base.Preconditions,checkNotNull,org.hibernate.Session,close,java.io.PrintWriter,printf,java.io.PrintStream,printf,net.bytebuddy.dynamic.DynamicType.Builder,make" />
  </inspection_tool>
  <inspection_tool class="EmptyStatementBody" enabled="false" level="WARNING" enabled_by_default="false">
    <option name="m_reportEmptyBlocks" value="true" />
  </inspection_tool>
  <inspection_tool class="NewClassNamingConvention" enabled="false" level="WARNING" enabled_by_default="false" />
  <inspection_tool class="UnusedReturnValue" enabled="false" level="WARNING" enabled_by_default="false" />
</profile>