<filetype binary="false" default_extension="dj" description="DingZhen" name="dj">
  <highlighting>
    <options>
      <option name="LINE_COMMENT" value="#" />
      <option name="COMMENT_START" value="'''" />
      <option name="COMMENT_END" value="'''" />
      <option name="HEX_PREFIX" value="" />
      <option name="NUM_POSTFIXES" value="" />
      <option name="LINE_COMMENT_AT_START" value="true" />
    </options>
    <keywords keywords="不是;且;假;函数;否则;在;如果;对于;当;当作;或;无操作;是;真;空;要不然;跳入下次循环;跳出循环;返回" ignore_case="false" />
    <keywords2 keywords="区间;打印;转字符串;转小数;转整数" />
  </highlighting>
  <extensionMap>
    <mapping ext="dj" />
  </extensionMap>
</filetype>