<application>
  <component name="com.intellij.ide.ui.customization.CustomActionsSchema">
    <group value="com.sburlyaev.cmd.plugin.actions.OpenTerminal" is_action="true" action_type="-1" position="0">
      <path value="root" />
      <path value="Main Toolbar" />
      <path value="Right" />
      <option name="myInitialPosition" value="-1" />
    </group>
    <group value="com.sburlyaev.cmd.plugin.actions.OpenTerminal" is_action="true" action_type="1" position="1">
      <path value="root" />
      <path value="Main Toolbar" />
      <path value="Right" />
      <option name="myInitialPosition" value="-1" />
    </group>
  </component>
</application>