<application>
  <component name="ProjectJdkTable">
    <jdk version="2">
      <name value="21" />
      <type value="JavaSDK" />
      <version value="Oracle OpenJDK 21.0.4" />
      <homePath value="C:/Program Files/JDK/jdk-21" />
      <roots>
        <annotationsPath>
          <root type="composite">
            <root url="jar://$APPLICATION_HOME_DIR$/plugins/java/lib/resources/jdkAnnotations.jar!/" type="simple" />
          </root>
        </annotationsPath>
        <classPath>
          <root type="composite">
            <root url="jrt://C:/Program Files/JDK/jdk-21!/java.base" type="simple" />
            <root url="jrt://C:/Program Files/JDK/jdk-21!/java.compiler" type="simple" />
            <root url="jrt://C:/Program Files/JDK/jdk-21!/java.datatransfer" type="simple" />
            <root url="jrt://C:/Program Files/JDK/jdk-21!/java.desktop" type="simple" />
            <root url="jrt://C:/Program Files/JDK/jdk-21!/java.instrument" type="simple" />
            <root url="jrt://C:/Program Files/JDK/jdk-21!/java.logging" type="simple" />
            <root url="jrt://C:/Program Files/JDK/jdk-21!/java.management" type="simple" />
            <root url="jrt://C:/Program Files/JDK/jdk-21!/java.management.rmi" type="simple" />
            <root url="jrt://C:/Program Files/JDK/jdk-21!/java.naming" type="simple" />
            <root url="jrt://C:/Program Files/JDK/jdk-21!/java.net.http" type="simple" />
            <root url="jrt://C:/Program Files/JDK/jdk-21!/java.prefs" type="simple" />
            <root url="jrt://C:/Program Files/JDK/jdk-21!/java.rmi" type="simple" />
            <root url="jrt://C:/Program Files/JDK/jdk-21!/java.scripting" type="simple" />
            <root url="jrt://C:/Program Files/JDK/jdk-21!/java.se" type="simple" />
            <root url="jrt://C:/Program Files/JDK/jdk-21!/java.security.jgss" type="simple" />
            <root url="jrt://C:/Program Files/JDK/jdk-21!/java.security.sasl" type="simple" />
            <root url="jrt://C:/Program Files/JDK/jdk-21!/java.smartcardio" type="simple" />
            <root url="jrt://C:/Program Files/JDK/jdk-21!/java.sql" type="simple" />
            <root url="jrt://C:/Program Files/JDK/jdk-21!/java.sql.rowset" type="simple" />
            <root url="jrt://C:/Program Files/JDK/jdk-21!/java.transaction.xa" type="simple" />
            <root url="jrt://C:/Program Files/JDK/jdk-21!/java.xml" type="simple" />
            <root url="jrt://C:/Program Files/JDK/jdk-21!/java.xml.crypto" type="simple" />
            <root url="jrt://C:/Program Files/JDK/jdk-21!/jdk.accessibility" type="simple" />
            <root url="jrt://C:/Program Files/JDK/jdk-21!/jdk.attach" type="simple" />
            <root url="jrt://C:/Program Files/JDK/jdk-21!/jdk.charsets" type="simple" />
            <root url="jrt://C:/Program Files/JDK/jdk-21!/jdk.compiler" type="simple" />
            <root url="jrt://C:/Program Files/JDK/jdk-21!/jdk.crypto.cryptoki" type="simple" />
            <root url="jrt://C:/Program Files/JDK/jdk-21!/jdk.crypto.ec" type="simple" />
            <root url="jrt://C:/Program Files/JDK/jdk-21!/jdk.crypto.mscapi" type="simple" />
            <root url="jrt://C:/Program Files/JDK/jdk-21!/jdk.dynalink" type="simple" />
            <root url="jrt://C:/Program Files/JDK/jdk-21!/jdk.editpad" type="simple" />
            <root url="jrt://C:/Program Files/JDK/jdk-21!/jdk.hotspot.agent" type="simple" />
            <root url="jrt://C:/Program Files/JDK/jdk-21!/jdk.httpserver" type="simple" />
            <root url="jrt://C:/Program Files/JDK/jdk-21!/jdk.incubator.vector" type="simple" />
            <root url="jrt://C:/Program Files/JDK/jdk-21!/jdk.internal.ed" type="simple" />
            <root url="jrt://C:/Program Files/JDK/jdk-21!/jdk.internal.jvmstat" type="simple" />
            <root url="jrt://C:/Program Files/JDK/jdk-21!/jdk.internal.le" type="simple" />
            <root url="jrt://C:/Program Files/JDK/jdk-21!/jdk.internal.opt" type="simple" />
            <root url="jrt://C:/Program Files/JDK/jdk-21!/jdk.internal.vm.ci" type="simple" />
            <root url="jrt://C:/Program Files/JDK/jdk-21!/jdk.internal.vm.compiler" type="simple" />
            <root url="jrt://C:/Program Files/JDK/jdk-21!/jdk.internal.vm.compiler.management" type="simple" />
            <root url="jrt://C:/Program Files/JDK/jdk-21!/jdk.jartool" type="simple" />
            <root url="jrt://C:/Program Files/JDK/jdk-21!/jdk.javadoc" type="simple" />
            <root url="jrt://C:/Program Files/JDK/jdk-21!/jdk.jcmd" type="simple" />
            <root url="jrt://C:/Program Files/JDK/jdk-21!/jdk.jconsole" type="simple" />
            <root url="jrt://C:/Program Files/JDK/jdk-21!/jdk.jdeps" type="simple" />
            <root url="jrt://C:/Program Files/JDK/jdk-21!/jdk.jdi" type="simple" />
            <root url="jrt://C:/Program Files/JDK/jdk-21!/jdk.jdwp.agent" type="simple" />
            <root url="jrt://C:/Program Files/JDK/jdk-21!/jdk.jfr" type="simple" />
            <root url="jrt://C:/Program Files/JDK/jdk-21!/jdk.jlink" type="simple" />
            <root url="jrt://C:/Program Files/JDK/jdk-21!/jdk.jpackage" type="simple" />
            <root url="jrt://C:/Program Files/JDK/jdk-21!/jdk.jshell" type="simple" />
            <root url="jrt://C:/Program Files/JDK/jdk-21!/jdk.jsobject" type="simple" />
            <root url="jrt://C:/Program Files/JDK/jdk-21!/jdk.jstatd" type="simple" />
            <root url="jrt://C:/Program Files/JDK/jdk-21!/jdk.localedata" type="simple" />
            <root url="jrt://C:/Program Files/JDK/jdk-21!/jdk.management" type="simple" />
            <root url="jrt://C:/Program Files/JDK/jdk-21!/jdk.management.agent" type="simple" />
            <root url="jrt://C:/Program Files/JDK/jdk-21!/jdk.management.jfr" type="simple" />
            <root url="jrt://C:/Program Files/JDK/jdk-21!/jdk.naming.dns" type="simple" />
            <root url="jrt://C:/Program Files/JDK/jdk-21!/jdk.naming.rmi" type="simple" />
            <root url="jrt://C:/Program Files/JDK/jdk-21!/jdk.net" type="simple" />
            <root url="jrt://C:/Program Files/JDK/jdk-21!/jdk.nio.mapmode" type="simple" />
            <root url="jrt://C:/Program Files/JDK/jdk-21!/jdk.random" type="simple" />
            <root url="jrt://C:/Program Files/JDK/jdk-21!/jdk.sctp" type="simple" />
            <root url="jrt://C:/Program Files/JDK/jdk-21!/jdk.security.auth" type="simple" />
            <root url="jrt://C:/Program Files/JDK/jdk-21!/jdk.security.jgss" type="simple" />
            <root url="jrt://C:/Program Files/JDK/jdk-21!/jdk.unsupported" type="simple" />
            <root url="jrt://C:/Program Files/JDK/jdk-21!/jdk.unsupported.desktop" type="simple" />
            <root url="jrt://C:/Program Files/JDK/jdk-21!/jdk.xml.dom" type="simple" />
            <root url="jrt://C:/Program Files/JDK/jdk-21!/jdk.zipfs" type="simple" />
          </root>
        </classPath>
        <javadocPath>
          <root type="composite" />
        </javadocPath>
        <sourcePath>
          <root type="composite">
            <root url="jar://C:/Program Files/JDK/jdk-21/lib/src.zip!/java.se" type="simple" />
            <root url="jar://C:/Program Files/JDK/jdk-21/lib/src.zip!/jdk.jdi" type="simple" />
            <root url="jar://C:/Program Files/JDK/jdk-21/lib/src.zip!/jdk.jfr" type="simple" />
            <root url="jar://C:/Program Files/JDK/jdk-21/lib/src.zip!/jdk.net" type="simple" />
            <root url="jar://C:/Program Files/JDK/jdk-21/lib/src.zip!/java.rmi" type="simple" />
            <root url="jar://C:/Program Files/JDK/jdk-21/lib/src.zip!/java.sql" type="simple" />
            <root url="jar://C:/Program Files/JDK/jdk-21/lib/src.zip!/java.xml" type="simple" />
            <root url="jar://C:/Program Files/JDK/jdk-21/lib/src.zip!/jdk.jcmd" type="simple" />
            <root url="jar://C:/Program Files/JDK/jdk-21/lib/src.zip!/jdk.sctp" type="simple" />
            <root url="jar://C:/Program Files/JDK/jdk-21/lib/src.zip!/java.base" type="simple" />
            <root url="jar://C:/Program Files/JDK/jdk-21/lib/src.zip!/jdk.jdeps" type="simple" />
            <root url="jar://C:/Program Files/JDK/jdk-21/lib/src.zip!/jdk.jlink" type="simple" />
            <root url="jar://C:/Program Files/JDK/jdk-21/lib/src.zip!/jdk.zipfs" type="simple" />
            <root url="jar://C:/Program Files/JDK/jdk-21/lib/src.zip!/java.prefs" type="simple" />
            <root url="jar://C:/Program Files/JDK/jdk-21/lib/src.zip!/jdk.attach" type="simple" />
            <root url="jar://C:/Program Files/JDK/jdk-21/lib/src.zip!/jdk.jshell" type="simple" />
            <root url="jar://C:/Program Files/JDK/jdk-21/lib/src.zip!/jdk.jstatd" type="simple" />
            <root url="jar://C:/Program Files/JDK/jdk-21/lib/src.zip!/jdk.random" type="simple" />
            <root url="jar://C:/Program Files/JDK/jdk-21/lib/src.zip!/java.naming" type="simple" />
            <root url="jar://C:/Program Files/JDK/jdk-21/lib/src.zip!/jdk.editpad" type="simple" />
            <root url="jar://C:/Program Files/JDK/jdk-21/lib/src.zip!/jdk.jartool" type="simple" />
            <root url="jar://C:/Program Files/JDK/jdk-21/lib/src.zip!/jdk.javadoc" type="simple" />
            <root url="jar://C:/Program Files/JDK/jdk-21/lib/src.zip!/jdk.xml.dom" type="simple" />
            <root url="jar://C:/Program Files/JDK/jdk-21/lib/src.zip!/java.desktop" type="simple" />
            <root url="jar://C:/Program Files/JDK/jdk-21/lib/src.zip!/java.logging" type="simple" />
            <root url="jar://C:/Program Files/JDK/jdk-21/lib/src.zip!/jdk.charsets" type="simple" />
            <root url="jar://C:/Program Files/JDK/jdk-21/lib/src.zip!/jdk.compiler" type="simple" />
            <root url="jar://C:/Program Files/JDK/jdk-21/lib/src.zip!/jdk.dynalink" type="simple" />
            <root url="jar://C:/Program Files/JDK/jdk-21/lib/src.zip!/jdk.jconsole" type="simple" />
            <root url="jar://C:/Program Files/JDK/jdk-21/lib/src.zip!/jdk.jpackage" type="simple" />
            <root url="jar://C:/Program Files/JDK/jdk-21/lib/src.zip!/jdk.jsobject" type="simple" />
            <root url="jar://C:/Program Files/JDK/jdk-21/lib/src.zip!/java.compiler" type="simple" />
            <root url="jar://C:/Program Files/JDK/jdk-21/lib/src.zip!/java.net.http" type="simple" />
            <root url="jar://C:/Program Files/JDK/jdk-21/lib/src.zip!/jdk.crypto.ec" type="simple" />
            <root url="jar://C:/Program Files/JDK/jdk-21/lib/src.zip!/java.scripting" type="simple" />
            <root url="jar://C:/Program Files/JDK/jdk-21/lib/src.zip!/jdk.httpserver" type="simple" />
            <root url="jar://C:/Program Files/JDK/jdk-21/lib/src.zip!/jdk.jdwp.agent" type="simple" />
            <root url="jar://C:/Program Files/JDK/jdk-21/lib/src.zip!/jdk.localedata" type="simple" />
            <root url="jar://C:/Program Files/JDK/jdk-21/lib/src.zip!/jdk.management" type="simple" />
            <root url="jar://C:/Program Files/JDK/jdk-21/lib/src.zip!/jdk.naming.dns" type="simple" />
            <root url="jar://C:/Program Files/JDK/jdk-21/lib/src.zip!/jdk.naming.rmi" type="simple" />
            <root url="jar://C:/Program Files/JDK/jdk-21/lib/src.zip!/java.instrument" type="simple" />
            <root url="jar://C:/Program Files/JDK/jdk-21/lib/src.zip!/java.management" type="simple" />
            <root url="jar://C:/Program Files/JDK/jdk-21/lib/src.zip!/java.sql.rowset" type="simple" />
            <root url="jar://C:/Program Files/JDK/jdk-21/lib/src.zip!/java.xml.crypto" type="simple" />
            <root url="jar://C:/Program Files/JDK/jdk-21/lib/src.zip!/jdk.internal.ed" type="simple" />
            <root url="jar://C:/Program Files/JDK/jdk-21/lib/src.zip!/jdk.internal.le" type="simple" />
            <root url="jar://C:/Program Files/JDK/jdk-21/lib/src.zip!/jdk.nio.mapmode" type="simple" />
            <root url="jar://C:/Program Files/JDK/jdk-21/lib/src.zip!/jdk.unsupported" type="simple" />
            <root url="jar://C:/Program Files/JDK/jdk-21/lib/src.zip!/java.smartcardio" type="simple" />
            <root url="jar://C:/Program Files/JDK/jdk-21/lib/src.zip!/jdk.internal.opt" type="simple" />
            <root url="jar://C:/Program Files/JDK/jdk-21/lib/src.zip!/java.datatransfer" type="simple" />
            <root url="jar://C:/Program Files/JDK/jdk-21/lib/src.zip!/jdk.accessibility" type="simple" />
            <root url="jar://C:/Program Files/JDK/jdk-21/lib/src.zip!/jdk.crypto.mscapi" type="simple" />
            <root url="jar://C:/Program Files/JDK/jdk-21/lib/src.zip!/jdk.hotspot.agent" type="simple" />
            <root url="jar://C:/Program Files/JDK/jdk-21/lib/src.zip!/jdk.security.auth" type="simple" />
            <root url="jar://C:/Program Files/JDK/jdk-21/lib/src.zip!/jdk.security.jgss" type="simple" />
            <root url="jar://C:/Program Files/JDK/jdk-21/lib/src.zip!/java.security.jgss" type="simple" />
            <root url="jar://C:/Program Files/JDK/jdk-21/lib/src.zip!/java.security.sasl" type="simple" />
            <root url="jar://C:/Program Files/JDK/jdk-21/lib/src.zip!/jdk.internal.vm.ci" type="simple" />
            <root url="jar://C:/Program Files/JDK/jdk-21/lib/src.zip!/jdk.management.jfr" type="simple" />
            <root url="jar://C:/Program Files/JDK/jdk-21/lib/src.zip!/java.management.rmi" type="simple" />
            <root url="jar://C:/Program Files/JDK/jdk-21/lib/src.zip!/java.transaction.xa" type="simple" />
            <root url="jar://C:/Program Files/JDK/jdk-21/lib/src.zip!/jdk.crypto.cryptoki" type="simple" />
            <root url="jar://C:/Program Files/JDK/jdk-21/lib/src.zip!/jdk.incubator.vector" type="simple" />
            <root url="jar://C:/Program Files/JDK/jdk-21/lib/src.zip!/jdk.internal.jvmstat" type="simple" />
            <root url="jar://C:/Program Files/JDK/jdk-21/lib/src.zip!/jdk.management.agent" type="simple" />
            <root url="jar://C:/Program Files/JDK/jdk-21/lib/src.zip!/jdk.unsupported.desktop" type="simple" />
            <root url="jar://C:/Program Files/JDK/jdk-21/lib/src.zip!/jdk.internal.vm.compiler" type="simple" />
            <root url="jar://C:/Program Files/JDK/jdk-21/lib/src.zip!/jdk.internal.vm.compiler.management" type="simple" />
          </root>
        </sourcePath>
      </roots>
    </jdk>
    <jdk version="2">
      <name value="23" />
      <type value="JavaSDK" />
      <version value="Oracle OpenJDK 23" />
      <homePath value="C:/Program Files/JDK/jdk-23" />
      <roots>
        <annotationsPath>
          <root type="composite">
            <root url="jar://$APPLICATION_HOME_DIR$/plugins/java/lib/resources/jdkAnnotations.jar!/" type="simple" />
          </root>
        </annotationsPath>
        <classPath>
          <root type="composite">
            <root url="jrt://C:/Program Files/JDK/jdk-23!/java.base" type="simple" />
            <root url="jrt://C:/Program Files/JDK/jdk-23!/java.compiler" type="simple" />
            <root url="jrt://C:/Program Files/JDK/jdk-23!/java.datatransfer" type="simple" />
            <root url="jrt://C:/Program Files/JDK/jdk-23!/java.desktop" type="simple" />
            <root url="jrt://C:/Program Files/JDK/jdk-23!/java.instrument" type="simple" />
            <root url="jrt://C:/Program Files/JDK/jdk-23!/java.logging" type="simple" />
            <root url="jrt://C:/Program Files/JDK/jdk-23!/java.management" type="simple" />
            <root url="jrt://C:/Program Files/JDK/jdk-23!/java.management.rmi" type="simple" />
            <root url="jrt://C:/Program Files/JDK/jdk-23!/java.naming" type="simple" />
            <root url="jrt://C:/Program Files/JDK/jdk-23!/java.net.http" type="simple" />
            <root url="jrt://C:/Program Files/JDK/jdk-23!/java.prefs" type="simple" />
            <root url="jrt://C:/Program Files/JDK/jdk-23!/java.rmi" type="simple" />
            <root url="jrt://C:/Program Files/JDK/jdk-23!/java.scripting" type="simple" />
            <root url="jrt://C:/Program Files/JDK/jdk-23!/java.se" type="simple" />
            <root url="jrt://C:/Program Files/JDK/jdk-23!/java.security.jgss" type="simple" />
            <root url="jrt://C:/Program Files/JDK/jdk-23!/java.security.sasl" type="simple" />
            <root url="jrt://C:/Program Files/JDK/jdk-23!/java.smartcardio" type="simple" />
            <root url="jrt://C:/Program Files/JDK/jdk-23!/java.sql" type="simple" />
            <root url="jrt://C:/Program Files/JDK/jdk-23!/java.sql.rowset" type="simple" />
            <root url="jrt://C:/Program Files/JDK/jdk-23!/java.transaction.xa" type="simple" />
            <root url="jrt://C:/Program Files/JDK/jdk-23!/java.xml" type="simple" />
            <root url="jrt://C:/Program Files/JDK/jdk-23!/java.xml.crypto" type="simple" />
            <root url="jrt://C:/Program Files/JDK/jdk-23!/jdk.accessibility" type="simple" />
            <root url="jrt://C:/Program Files/JDK/jdk-23!/jdk.attach" type="simple" />
            <root url="jrt://C:/Program Files/JDK/jdk-23!/jdk.charsets" type="simple" />
            <root url="jrt://C:/Program Files/JDK/jdk-23!/jdk.compiler" type="simple" />
            <root url="jrt://C:/Program Files/JDK/jdk-23!/jdk.crypto.cryptoki" type="simple" />
            <root url="jrt://C:/Program Files/JDK/jdk-23!/jdk.crypto.ec" type="simple" />
            <root url="jrt://C:/Program Files/JDK/jdk-23!/jdk.crypto.mscapi" type="simple" />
            <root url="jrt://C:/Program Files/JDK/jdk-23!/jdk.dynalink" type="simple" />
            <root url="jrt://C:/Program Files/JDK/jdk-23!/jdk.editpad" type="simple" />
            <root url="jrt://C:/Program Files/JDK/jdk-23!/jdk.graal.compiler" type="simple" />
            <root url="jrt://C:/Program Files/JDK/jdk-23!/jdk.graal.compiler.lib" type="simple" />
            <root url="jrt://C:/Program Files/JDK/jdk-23!/jdk.graal.compiler.management" type="simple" />
            <root url="jrt://C:/Program Files/JDK/jdk-23!/jdk.hotspot.agent" type="simple" />
            <root url="jrt://C:/Program Files/JDK/jdk-23!/jdk.httpserver" type="simple" />
            <root url="jrt://C:/Program Files/JDK/jdk-23!/jdk.incubator.vector" type="simple" />
            <root url="jrt://C:/Program Files/JDK/jdk-23!/jdk.internal.ed" type="simple" />
            <root url="jrt://C:/Program Files/JDK/jdk-23!/jdk.internal.jvmstat" type="simple" />
            <root url="jrt://C:/Program Files/JDK/jdk-23!/jdk.internal.le" type="simple" />
            <root url="jrt://C:/Program Files/JDK/jdk-23!/jdk.internal.md" type="simple" />
            <root url="jrt://C:/Program Files/JDK/jdk-23!/jdk.internal.opt" type="simple" />
            <root url="jrt://C:/Program Files/JDK/jdk-23!/jdk.internal.vm.ci" type="simple" />
            <root url="jrt://C:/Program Files/JDK/jdk-23!/jdk.jartool" type="simple" />
            <root url="jrt://C:/Program Files/JDK/jdk-23!/jdk.javadoc" type="simple" />
            <root url="jrt://C:/Program Files/JDK/jdk-23!/jdk.jcmd" type="simple" />
            <root url="jrt://C:/Program Files/JDK/jdk-23!/jdk.jconsole" type="simple" />
            <root url="jrt://C:/Program Files/JDK/jdk-23!/jdk.jdeps" type="simple" />
            <root url="jrt://C:/Program Files/JDK/jdk-23!/jdk.jdi" type="simple" />
            <root url="jrt://C:/Program Files/JDK/jdk-23!/jdk.jdwp.agent" type="simple" />
            <root url="jrt://C:/Program Files/JDK/jdk-23!/jdk.jfr" type="simple" />
            <root url="jrt://C:/Program Files/JDK/jdk-23!/jdk.jlink" type="simple" />
            <root url="jrt://C:/Program Files/JDK/jdk-23!/jdk.jpackage" type="simple" />
            <root url="jrt://C:/Program Files/JDK/jdk-23!/jdk.jshell" type="simple" />
            <root url="jrt://C:/Program Files/JDK/jdk-23!/jdk.jsobject" type="simple" />
            <root url="jrt://C:/Program Files/JDK/jdk-23!/jdk.jstatd" type="simple" />
            <root url="jrt://C:/Program Files/JDK/jdk-23!/jdk.localedata" type="simple" />
            <root url="jrt://C:/Program Files/JDK/jdk-23!/jdk.management" type="simple" />
            <root url="jrt://C:/Program Files/JDK/jdk-23!/jdk.management.agent" type="simple" />
            <root url="jrt://C:/Program Files/JDK/jdk-23!/jdk.management.jfr" type="simple" />
            <root url="jrt://C:/Program Files/JDK/jdk-23!/jdk.naming.dns" type="simple" />
            <root url="jrt://C:/Program Files/JDK/jdk-23!/jdk.naming.rmi" type="simple" />
            <root url="jrt://C:/Program Files/JDK/jdk-23!/jdk.net" type="simple" />
            <root url="jrt://C:/Program Files/JDK/jdk-23!/jdk.nio.mapmode" type="simple" />
            <root url="jrt://C:/Program Files/JDK/jdk-23!/jdk.sctp" type="simple" />
            <root url="jrt://C:/Program Files/JDK/jdk-23!/jdk.security.auth" type="simple" />
            <root url="jrt://C:/Program Files/JDK/jdk-23!/jdk.security.jgss" type="simple" />
            <root url="jrt://C:/Program Files/JDK/jdk-23!/jdk.unsupported" type="simple" />
            <root url="jrt://C:/Program Files/JDK/jdk-23!/jdk.unsupported.desktop" type="simple" />
            <root url="jrt://C:/Program Files/JDK/jdk-23!/jdk.xml.dom" type="simple" />
            <root url="jrt://C:/Program Files/JDK/jdk-23!/jdk.zipfs" type="simple" />
          </root>
        </classPath>
        <javadocPath>
          <root type="composite" />
        </javadocPath>
        <sourcePath>
          <root type="composite">
            <root url="jar://C:/Program Files/JDK/jdk-23/lib/src.zip!/java.se" type="simple" />
            <root url="jar://C:/Program Files/JDK/jdk-23/lib/src.zip!/jdk.jdi" type="simple" />
            <root url="jar://C:/Program Files/JDK/jdk-23/lib/src.zip!/jdk.jfr" type="simple" />
            <root url="jar://C:/Program Files/JDK/jdk-23/lib/src.zip!/jdk.net" type="simple" />
            <root url="jar://C:/Program Files/JDK/jdk-23/lib/src.zip!/java.rmi" type="simple" />
            <root url="jar://C:/Program Files/JDK/jdk-23/lib/src.zip!/java.sql" type="simple" />
            <root url="jar://C:/Program Files/JDK/jdk-23/lib/src.zip!/java.xml" type="simple" />
            <root url="jar://C:/Program Files/JDK/jdk-23/lib/src.zip!/jdk.jcmd" type="simple" />
            <root url="jar://C:/Program Files/JDK/jdk-23/lib/src.zip!/jdk.sctp" type="simple" />
            <root url="jar://C:/Program Files/JDK/jdk-23/lib/src.zip!/java.base" type="simple" />
            <root url="jar://C:/Program Files/JDK/jdk-23/lib/src.zip!/jdk.jdeps" type="simple" />
            <root url="jar://C:/Program Files/JDK/jdk-23/lib/src.zip!/jdk.jlink" type="simple" />
            <root url="jar://C:/Program Files/JDK/jdk-23/lib/src.zip!/jdk.zipfs" type="simple" />
            <root url="jar://C:/Program Files/JDK/jdk-23/lib/src.zip!/java.prefs" type="simple" />
            <root url="jar://C:/Program Files/JDK/jdk-23/lib/src.zip!/jdk.attach" type="simple" />
            <root url="jar://C:/Program Files/JDK/jdk-23/lib/src.zip!/jdk.jshell" type="simple" />
            <root url="jar://C:/Program Files/JDK/jdk-23/lib/src.zip!/jdk.jstatd" type="simple" />
            <root url="jar://C:/Program Files/JDK/jdk-23/lib/src.zip!/java.naming" type="simple" />
            <root url="jar://C:/Program Files/JDK/jdk-23/lib/src.zip!/jdk.editpad" type="simple" />
            <root url="jar://C:/Program Files/JDK/jdk-23/lib/src.zip!/jdk.jartool" type="simple" />
            <root url="jar://C:/Program Files/JDK/jdk-23/lib/src.zip!/jdk.javadoc" type="simple" />
            <root url="jar://C:/Program Files/JDK/jdk-23/lib/src.zip!/jdk.xml.dom" type="simple" />
            <root url="jar://C:/Program Files/JDK/jdk-23/lib/src.zip!/java.desktop" type="simple" />
            <root url="jar://C:/Program Files/JDK/jdk-23/lib/src.zip!/java.logging" type="simple" />
            <root url="jar://C:/Program Files/JDK/jdk-23/lib/src.zip!/jdk.charsets" type="simple" />
            <root url="jar://C:/Program Files/JDK/jdk-23/lib/src.zip!/jdk.compiler" type="simple" />
            <root url="jar://C:/Program Files/JDK/jdk-23/lib/src.zip!/jdk.dynalink" type="simple" />
            <root url="jar://C:/Program Files/JDK/jdk-23/lib/src.zip!/jdk.jconsole" type="simple" />
            <root url="jar://C:/Program Files/JDK/jdk-23/lib/src.zip!/jdk.jpackage" type="simple" />
            <root url="jar://C:/Program Files/JDK/jdk-23/lib/src.zip!/jdk.jsobject" type="simple" />
            <root url="jar://C:/Program Files/JDK/jdk-23/lib/src.zip!/java.compiler" type="simple" />
            <root url="jar://C:/Program Files/JDK/jdk-23/lib/src.zip!/java.net.http" type="simple" />
            <root url="jar://C:/Program Files/JDK/jdk-23/lib/src.zip!/jdk.crypto.ec" type="simple" />
            <root url="jar://C:/Program Files/JDK/jdk-23/lib/src.zip!/java.scripting" type="simple" />
            <root url="jar://C:/Program Files/JDK/jdk-23/lib/src.zip!/jdk.httpserver" type="simple" />
            <root url="jar://C:/Program Files/JDK/jdk-23/lib/src.zip!/jdk.jdwp.agent" type="simple" />
            <root url="jar://C:/Program Files/JDK/jdk-23/lib/src.zip!/jdk.localedata" type="simple" />
            <root url="jar://C:/Program Files/JDK/jdk-23/lib/src.zip!/jdk.management" type="simple" />
            <root url="jar://C:/Program Files/JDK/jdk-23/lib/src.zip!/jdk.naming.dns" type="simple" />
            <root url="jar://C:/Program Files/JDK/jdk-23/lib/src.zip!/jdk.naming.rmi" type="simple" />
            <root url="jar://C:/Program Files/JDK/jdk-23/lib/src.zip!/java.instrument" type="simple" />
            <root url="jar://C:/Program Files/JDK/jdk-23/lib/src.zip!/java.management" type="simple" />
            <root url="jar://C:/Program Files/JDK/jdk-23/lib/src.zip!/java.sql.rowset" type="simple" />
            <root url="jar://C:/Program Files/JDK/jdk-23/lib/src.zip!/java.xml.crypto" type="simple" />
            <root url="jar://C:/Program Files/JDK/jdk-23/lib/src.zip!/jdk.internal.ed" type="simple" />
            <root url="jar://C:/Program Files/JDK/jdk-23/lib/src.zip!/jdk.internal.le" type="simple" />
            <root url="jar://C:/Program Files/JDK/jdk-23/lib/src.zip!/jdk.internal.md" type="simple" />
            <root url="jar://C:/Program Files/JDK/jdk-23/lib/src.zip!/jdk.nio.mapmode" type="simple" />
            <root url="jar://C:/Program Files/JDK/jdk-23/lib/src.zip!/jdk.unsupported" type="simple" />
            <root url="jar://C:/Program Files/JDK/jdk-23/lib/src.zip!/java.smartcardio" type="simple" />
            <root url="jar://C:/Program Files/JDK/jdk-23/lib/src.zip!/jdk.internal.opt" type="simple" />
            <root url="jar://C:/Program Files/JDK/jdk-23/lib/src.zip!/java.datatransfer" type="simple" />
            <root url="jar://C:/Program Files/JDK/jdk-23/lib/src.zip!/jdk.accessibility" type="simple" />
            <root url="jar://C:/Program Files/JDK/jdk-23/lib/src.zip!/jdk.crypto.mscapi" type="simple" />
            <root url="jar://C:/Program Files/JDK/jdk-23/lib/src.zip!/jdk.hotspot.agent" type="simple" />
            <root url="jar://C:/Program Files/JDK/jdk-23/lib/src.zip!/jdk.security.auth" type="simple" />
            <root url="jar://C:/Program Files/JDK/jdk-23/lib/src.zip!/jdk.security.jgss" type="simple" />
            <root url="jar://C:/Program Files/JDK/jdk-23/lib/src.zip!/java.security.jgss" type="simple" />
            <root url="jar://C:/Program Files/JDK/jdk-23/lib/src.zip!/java.security.sasl" type="simple" />
            <root url="jar://C:/Program Files/JDK/jdk-23/lib/src.zip!/jdk.graal.compiler" type="simple" />
            <root url="jar://C:/Program Files/JDK/jdk-23/lib/src.zip!/jdk.internal.vm.ci" type="simple" />
            <root url="jar://C:/Program Files/JDK/jdk-23/lib/src.zip!/jdk.management.jfr" type="simple" />
            <root url="jar://C:/Program Files/JDK/jdk-23/lib/src.zip!/java.management.rmi" type="simple" />
            <root url="jar://C:/Program Files/JDK/jdk-23/lib/src.zip!/java.transaction.xa" type="simple" />
            <root url="jar://C:/Program Files/JDK/jdk-23/lib/src.zip!/jdk.crypto.cryptoki" type="simple" />
            <root url="jar://C:/Program Files/JDK/jdk-23/lib/src.zip!/jdk.incubator.vector" type="simple" />
            <root url="jar://C:/Program Files/JDK/jdk-23/lib/src.zip!/jdk.internal.jvmstat" type="simple" />
            <root url="jar://C:/Program Files/JDK/jdk-23/lib/src.zip!/jdk.management.agent" type="simple" />
            <root url="jar://C:/Program Files/JDK/jdk-23/lib/src.zip!/jdk.unsupported.desktop" type="simple" />
            <root url="jar://C:/Program Files/JDK/jdk-23/lib/src.zip!/jdk.graal.compiler.management" type="simple" />
          </root>
        </sourcePath>
      </roots>
    </jdk>
    <jdk version="2">
      <name value="17" />
      <type value="JavaSDK" />
      <version value="Oracle OpenJDK 17" />
      <homePath value="C:/Program Files/JDK/jdk-17" />
      <roots>
        <annotationsPath>
          <root type="composite">
            <root url="jar://$APPLICATION_HOME_DIR$/plugins/java/lib/resources/jdkAnnotations.jar!/" type="simple" />
          </root>
        </annotationsPath>
        <classPath>
          <root type="composite">
            <root url="jrt://C:/Program Files/JDK/jdk-17!/java.base" type="simple" />
            <root url="jrt://C:/Program Files/JDK/jdk-17!/java.compiler" type="simple" />
            <root url="jrt://C:/Program Files/JDK/jdk-17!/java.datatransfer" type="simple" />
            <root url="jrt://C:/Program Files/JDK/jdk-17!/java.desktop" type="simple" />
            <root url="jrt://C:/Program Files/JDK/jdk-17!/java.instrument" type="simple" />
            <root url="jrt://C:/Program Files/JDK/jdk-17!/java.logging" type="simple" />
            <root url="jrt://C:/Program Files/JDK/jdk-17!/java.management" type="simple" />
            <root url="jrt://C:/Program Files/JDK/jdk-17!/java.management.rmi" type="simple" />
            <root url="jrt://C:/Program Files/JDK/jdk-17!/java.naming" type="simple" />
            <root url="jrt://C:/Program Files/JDK/jdk-17!/java.net.http" type="simple" />
            <root url="jrt://C:/Program Files/JDK/jdk-17!/java.prefs" type="simple" />
            <root url="jrt://C:/Program Files/JDK/jdk-17!/java.rmi" type="simple" />
            <root url="jrt://C:/Program Files/JDK/jdk-17!/java.scripting" type="simple" />
            <root url="jrt://C:/Program Files/JDK/jdk-17!/java.se" type="simple" />
            <root url="jrt://C:/Program Files/JDK/jdk-17!/java.security.jgss" type="simple" />
            <root url="jrt://C:/Program Files/JDK/jdk-17!/java.security.sasl" type="simple" />
            <root url="jrt://C:/Program Files/JDK/jdk-17!/java.smartcardio" type="simple" />
            <root url="jrt://C:/Program Files/JDK/jdk-17!/java.sql" type="simple" />
            <root url="jrt://C:/Program Files/JDK/jdk-17!/java.sql.rowset" type="simple" />
            <root url="jrt://C:/Program Files/JDK/jdk-17!/java.transaction.xa" type="simple" />
            <root url="jrt://C:/Program Files/JDK/jdk-17!/java.xml" type="simple" />
            <root url="jrt://C:/Program Files/JDK/jdk-17!/java.xml.crypto" type="simple" />
            <root url="jrt://C:/Program Files/JDK/jdk-17!/jdk.accessibility" type="simple" />
            <root url="jrt://C:/Program Files/JDK/jdk-17!/jdk.attach" type="simple" />
            <root url="jrt://C:/Program Files/JDK/jdk-17!/jdk.charsets" type="simple" />
            <root url="jrt://C:/Program Files/JDK/jdk-17!/jdk.compiler" type="simple" />
            <root url="jrt://C:/Program Files/JDK/jdk-17!/jdk.crypto.cryptoki" type="simple" />
            <root url="jrt://C:/Program Files/JDK/jdk-17!/jdk.crypto.ec" type="simple" />
            <root url="jrt://C:/Program Files/JDK/jdk-17!/jdk.crypto.mscapi" type="simple" />
            <root url="jrt://C:/Program Files/JDK/jdk-17!/jdk.dynalink" type="simple" />
            <root url="jrt://C:/Program Files/JDK/jdk-17!/jdk.editpad" type="simple" />
            <root url="jrt://C:/Program Files/JDK/jdk-17!/jdk.hotspot.agent" type="simple" />
            <root url="jrt://C:/Program Files/JDK/jdk-17!/jdk.httpserver" type="simple" />
            <root url="jrt://C:/Program Files/JDK/jdk-17!/jdk.incubator.foreign" type="simple" />
            <root url="jrt://C:/Program Files/JDK/jdk-17!/jdk.incubator.vector" type="simple" />
            <root url="jrt://C:/Program Files/JDK/jdk-17!/jdk.internal.ed" type="simple" />
            <root url="jrt://C:/Program Files/JDK/jdk-17!/jdk.internal.jvmstat" type="simple" />
            <root url="jrt://C:/Program Files/JDK/jdk-17!/jdk.internal.le" type="simple" />
            <root url="jrt://C:/Program Files/JDK/jdk-17!/jdk.internal.opt" type="simple" />
            <root url="jrt://C:/Program Files/JDK/jdk-17!/jdk.internal.vm.ci" type="simple" />
            <root url="jrt://C:/Program Files/JDK/jdk-17!/jdk.internal.vm.compiler" type="simple" />
            <root url="jrt://C:/Program Files/JDK/jdk-17!/jdk.internal.vm.compiler.management" type="simple" />
            <root url="jrt://C:/Program Files/JDK/jdk-17!/jdk.jartool" type="simple" />
            <root url="jrt://C:/Program Files/JDK/jdk-17!/jdk.javadoc" type="simple" />
            <root url="jrt://C:/Program Files/JDK/jdk-17!/jdk.jcmd" type="simple" />
            <root url="jrt://C:/Program Files/JDK/jdk-17!/jdk.jconsole" type="simple" />
            <root url="jrt://C:/Program Files/JDK/jdk-17!/jdk.jdeps" type="simple" />
            <root url="jrt://C:/Program Files/JDK/jdk-17!/jdk.jdi" type="simple" />
            <root url="jrt://C:/Program Files/JDK/jdk-17!/jdk.jdwp.agent" type="simple" />
            <root url="jrt://C:/Program Files/JDK/jdk-17!/jdk.jfr" type="simple" />
            <root url="jrt://C:/Program Files/JDK/jdk-17!/jdk.jlink" type="simple" />
            <root url="jrt://C:/Program Files/JDK/jdk-17!/jdk.jpackage" type="simple" />
            <root url="jrt://C:/Program Files/JDK/jdk-17!/jdk.jshell" type="simple" />
            <root url="jrt://C:/Program Files/JDK/jdk-17!/jdk.jsobject" type="simple" />
            <root url="jrt://C:/Program Files/JDK/jdk-17!/jdk.jstatd" type="simple" />
            <root url="jrt://C:/Program Files/JDK/jdk-17!/jdk.localedata" type="simple" />
            <root url="jrt://C:/Program Files/JDK/jdk-17!/jdk.management" type="simple" />
            <root url="jrt://C:/Program Files/JDK/jdk-17!/jdk.management.agent" type="simple" />
            <root url="jrt://C:/Program Files/JDK/jdk-17!/jdk.management.jfr" type="simple" />
            <root url="jrt://C:/Program Files/JDK/jdk-17!/jdk.naming.dns" type="simple" />
            <root url="jrt://C:/Program Files/JDK/jdk-17!/jdk.naming.rmi" type="simple" />
            <root url="jrt://C:/Program Files/JDK/jdk-17!/jdk.net" type="simple" />
            <root url="jrt://C:/Program Files/JDK/jdk-17!/jdk.nio.mapmode" type="simple" />
            <root url="jrt://C:/Program Files/JDK/jdk-17!/jdk.random" type="simple" />
            <root url="jrt://C:/Program Files/JDK/jdk-17!/jdk.sctp" type="simple" />
            <root url="jrt://C:/Program Files/JDK/jdk-17!/jdk.security.auth" type="simple" />
            <root url="jrt://C:/Program Files/JDK/jdk-17!/jdk.security.jgss" type="simple" />
            <root url="jrt://C:/Program Files/JDK/jdk-17!/jdk.unsupported" type="simple" />
            <root url="jrt://C:/Program Files/JDK/jdk-17!/jdk.unsupported.desktop" type="simple" />
            <root url="jrt://C:/Program Files/JDK/jdk-17!/jdk.xml.dom" type="simple" />
            <root url="jrt://C:/Program Files/JDK/jdk-17!/jdk.zipfs" type="simple" />
          </root>
        </classPath>
        <javadocPath>
          <root type="composite" />
        </javadocPath>
        <sourcePath>
          <root type="composite">
            <root url="jar://C:/Program Files/JDK/jdk-17/lib/src.zip!/java.se" type="simple" />
            <root url="jar://C:/Program Files/JDK/jdk-17/lib/src.zip!/jdk.jdi" type="simple" />
            <root url="jar://C:/Program Files/JDK/jdk-17/lib/src.zip!/jdk.jfr" type="simple" />
            <root url="jar://C:/Program Files/JDK/jdk-17/lib/src.zip!/jdk.net" type="simple" />
            <root url="jar://C:/Program Files/JDK/jdk-17/lib/src.zip!/java.rmi" type="simple" />
            <root url="jar://C:/Program Files/JDK/jdk-17/lib/src.zip!/java.sql" type="simple" />
            <root url="jar://C:/Program Files/JDK/jdk-17/lib/src.zip!/java.xml" type="simple" />
            <root url="jar://C:/Program Files/JDK/jdk-17/lib/src.zip!/jdk.jcmd" type="simple" />
            <root url="jar://C:/Program Files/JDK/jdk-17/lib/src.zip!/jdk.sctp" type="simple" />
            <root url="jar://C:/Program Files/JDK/jdk-17/lib/src.zip!/java.base" type="simple" />
            <root url="jar://C:/Program Files/JDK/jdk-17/lib/src.zip!/jdk.jdeps" type="simple" />
            <root url="jar://C:/Program Files/JDK/jdk-17/lib/src.zip!/jdk.jlink" type="simple" />
            <root url="jar://C:/Program Files/JDK/jdk-17/lib/src.zip!/jdk.zipfs" type="simple" />
            <root url="jar://C:/Program Files/JDK/jdk-17/lib/src.zip!/java.prefs" type="simple" />
            <root url="jar://C:/Program Files/JDK/jdk-17/lib/src.zip!/jdk.attach" type="simple" />
            <root url="jar://C:/Program Files/JDK/jdk-17/lib/src.zip!/jdk.jshell" type="simple" />
            <root url="jar://C:/Program Files/JDK/jdk-17/lib/src.zip!/jdk.jstatd" type="simple" />
            <root url="jar://C:/Program Files/JDK/jdk-17/lib/src.zip!/jdk.random" type="simple" />
            <root url="jar://C:/Program Files/JDK/jdk-17/lib/src.zip!/java.naming" type="simple" />
            <root url="jar://C:/Program Files/JDK/jdk-17/lib/src.zip!/jdk.editpad" type="simple" />
            <root url="jar://C:/Program Files/JDK/jdk-17/lib/src.zip!/jdk.jartool" type="simple" />
            <root url="jar://C:/Program Files/JDK/jdk-17/lib/src.zip!/jdk.javadoc" type="simple" />
            <root url="jar://C:/Program Files/JDK/jdk-17/lib/src.zip!/jdk.xml.dom" type="simple" />
            <root url="jar://C:/Program Files/JDK/jdk-17/lib/src.zip!/java.desktop" type="simple" />
            <root url="jar://C:/Program Files/JDK/jdk-17/lib/src.zip!/java.logging" type="simple" />
            <root url="jar://C:/Program Files/JDK/jdk-17/lib/src.zip!/jdk.charsets" type="simple" />
            <root url="jar://C:/Program Files/JDK/jdk-17/lib/src.zip!/jdk.compiler" type="simple" />
            <root url="jar://C:/Program Files/JDK/jdk-17/lib/src.zip!/jdk.dynalink" type="simple" />
            <root url="jar://C:/Program Files/JDK/jdk-17/lib/src.zip!/jdk.jconsole" type="simple" />
            <root url="jar://C:/Program Files/JDK/jdk-17/lib/src.zip!/jdk.jpackage" type="simple" />
            <root url="jar://C:/Program Files/JDK/jdk-17/lib/src.zip!/jdk.jsobject" type="simple" />
            <root url="jar://C:/Program Files/JDK/jdk-17/lib/src.zip!/java.compiler" type="simple" />
            <root url="jar://C:/Program Files/JDK/jdk-17/lib/src.zip!/java.net.http" type="simple" />
            <root url="jar://C:/Program Files/JDK/jdk-17/lib/src.zip!/jdk.crypto.ec" type="simple" />
            <root url="jar://C:/Program Files/JDK/jdk-17/lib/src.zip!/java.scripting" type="simple" />
            <root url="jar://C:/Program Files/JDK/jdk-17/lib/src.zip!/jdk.httpserver" type="simple" />
            <root url="jar://C:/Program Files/JDK/jdk-17/lib/src.zip!/jdk.jdwp.agent" type="simple" />
            <root url="jar://C:/Program Files/JDK/jdk-17/lib/src.zip!/jdk.localedata" type="simple" />
            <root url="jar://C:/Program Files/JDK/jdk-17/lib/src.zip!/jdk.management" type="simple" />
            <root url="jar://C:/Program Files/JDK/jdk-17/lib/src.zip!/jdk.naming.dns" type="simple" />
            <root url="jar://C:/Program Files/JDK/jdk-17/lib/src.zip!/jdk.naming.rmi" type="simple" />
            <root url="jar://C:/Program Files/JDK/jdk-17/lib/src.zip!/java.instrument" type="simple" />
            <root url="jar://C:/Program Files/JDK/jdk-17/lib/src.zip!/java.management" type="simple" />
            <root url="jar://C:/Program Files/JDK/jdk-17/lib/src.zip!/java.sql.rowset" type="simple" />
            <root url="jar://C:/Program Files/JDK/jdk-17/lib/src.zip!/java.xml.crypto" type="simple" />
            <root url="jar://C:/Program Files/JDK/jdk-17/lib/src.zip!/jdk.internal.ed" type="simple" />
            <root url="jar://C:/Program Files/JDK/jdk-17/lib/src.zip!/jdk.internal.le" type="simple" />
            <root url="jar://C:/Program Files/JDK/jdk-17/lib/src.zip!/jdk.nio.mapmode" type="simple" />
            <root url="jar://C:/Program Files/JDK/jdk-17/lib/src.zip!/jdk.unsupported" type="simple" />
            <root url="jar://C:/Program Files/JDK/jdk-17/lib/src.zip!/java.smartcardio" type="simple" />
            <root url="jar://C:/Program Files/JDK/jdk-17/lib/src.zip!/jdk.internal.opt" type="simple" />
            <root url="jar://C:/Program Files/JDK/jdk-17/lib/src.zip!/java.datatransfer" type="simple" />
            <root url="jar://C:/Program Files/JDK/jdk-17/lib/src.zip!/jdk.accessibility" type="simple" />
            <root url="jar://C:/Program Files/JDK/jdk-17/lib/src.zip!/jdk.crypto.mscapi" type="simple" />
            <root url="jar://C:/Program Files/JDK/jdk-17/lib/src.zip!/jdk.hotspot.agent" type="simple" />
            <root url="jar://C:/Program Files/JDK/jdk-17/lib/src.zip!/jdk.security.auth" type="simple" />
            <root url="jar://C:/Program Files/JDK/jdk-17/lib/src.zip!/jdk.security.jgss" type="simple" />
            <root url="jar://C:/Program Files/JDK/jdk-17/lib/src.zip!/java.security.jgss" type="simple" />
            <root url="jar://C:/Program Files/JDK/jdk-17/lib/src.zip!/java.security.sasl" type="simple" />
            <root url="jar://C:/Program Files/JDK/jdk-17/lib/src.zip!/jdk.internal.vm.ci" type="simple" />
            <root url="jar://C:/Program Files/JDK/jdk-17/lib/src.zip!/jdk.management.jfr" type="simple" />
            <root url="jar://C:/Program Files/JDK/jdk-17/lib/src.zip!/java.management.rmi" type="simple" />
            <root url="jar://C:/Program Files/JDK/jdk-17/lib/src.zip!/java.transaction.xa" type="simple" />
            <root url="jar://C:/Program Files/JDK/jdk-17/lib/src.zip!/jdk.crypto.cryptoki" type="simple" />
            <root url="jar://C:/Program Files/JDK/jdk-17/lib/src.zip!/jdk.incubator.vector" type="simple" />
            <root url="jar://C:/Program Files/JDK/jdk-17/lib/src.zip!/jdk.internal.jvmstat" type="simple" />
            <root url="jar://C:/Program Files/JDK/jdk-17/lib/src.zip!/jdk.management.agent" type="simple" />
            <root url="jar://C:/Program Files/JDK/jdk-17/lib/src.zip!/jdk.incubator.foreign" type="simple" />
            <root url="jar://C:/Program Files/JDK/jdk-17/lib/src.zip!/jdk.unsupported.desktop" type="simple" />
            <root url="jar://C:/Program Files/JDK/jdk-17/lib/src.zip!/jdk.internal.vm.compiler" type="simple" />
            <root url="jar://C:/Program Files/JDK/jdk-17/lib/src.zip!/jdk.internal.vm.compiler.management" type="simple" />
          </root>
        </sourcePath>
      </roots>
    </jdk>
    <jdk version="2">
      <name value="11" />
      <type value="JavaSDK" />
      <version value="Oracle OpenJDK 11.0.12" />
      <homePath value="C:/Program Files/JDK/jdk-11" />
      <roots>
        <annotationsPath>
          <root type="composite">
            <root url="jar://$APPLICATION_HOME_DIR$/plugins/java/lib/resources/jdkAnnotations.jar!/" type="simple" />
          </root>
        </annotationsPath>
        <classPath>
          <root type="composite">
            <root url="jrt://C:/Program Files/JDK/jdk-11!/java.base" type="simple" />
            <root url="jrt://C:/Program Files/JDK/jdk-11!/java.compiler" type="simple" />
            <root url="jrt://C:/Program Files/JDK/jdk-11!/java.datatransfer" type="simple" />
            <root url="jrt://C:/Program Files/JDK/jdk-11!/java.desktop" type="simple" />
            <root url="jrt://C:/Program Files/JDK/jdk-11!/java.instrument" type="simple" />
            <root url="jrt://C:/Program Files/JDK/jdk-11!/java.logging" type="simple" />
            <root url="jrt://C:/Program Files/JDK/jdk-11!/java.management" type="simple" />
            <root url="jrt://C:/Program Files/JDK/jdk-11!/java.management.rmi" type="simple" />
            <root url="jrt://C:/Program Files/JDK/jdk-11!/java.naming" type="simple" />
            <root url="jrt://C:/Program Files/JDK/jdk-11!/java.net.http" type="simple" />
            <root url="jrt://C:/Program Files/JDK/jdk-11!/java.prefs" type="simple" />
            <root url="jrt://C:/Program Files/JDK/jdk-11!/java.rmi" type="simple" />
            <root url="jrt://C:/Program Files/JDK/jdk-11!/java.scripting" type="simple" />
            <root url="jrt://C:/Program Files/JDK/jdk-11!/java.se" type="simple" />
            <root url="jrt://C:/Program Files/JDK/jdk-11!/java.security.jgss" type="simple" />
            <root url="jrt://C:/Program Files/JDK/jdk-11!/java.security.sasl" type="simple" />
            <root url="jrt://C:/Program Files/JDK/jdk-11!/java.smartcardio" type="simple" />
            <root url="jrt://C:/Program Files/JDK/jdk-11!/java.sql" type="simple" />
            <root url="jrt://C:/Program Files/JDK/jdk-11!/java.sql.rowset" type="simple" />
            <root url="jrt://C:/Program Files/JDK/jdk-11!/java.transaction.xa" type="simple" />
            <root url="jrt://C:/Program Files/JDK/jdk-11!/java.xml" type="simple" />
            <root url="jrt://C:/Program Files/JDK/jdk-11!/java.xml.crypto" type="simple" />
            <root url="jrt://C:/Program Files/JDK/jdk-11!/jdk.accessibility" type="simple" />
            <root url="jrt://C:/Program Files/JDK/jdk-11!/jdk.aot" type="simple" />
            <root url="jrt://C:/Program Files/JDK/jdk-11!/jdk.attach" type="simple" />
            <root url="jrt://C:/Program Files/JDK/jdk-11!/jdk.charsets" type="simple" />
            <root url="jrt://C:/Program Files/JDK/jdk-11!/jdk.compiler" type="simple" />
            <root url="jrt://C:/Program Files/JDK/jdk-11!/jdk.crypto.cryptoki" type="simple" />
            <root url="jrt://C:/Program Files/JDK/jdk-11!/jdk.crypto.ec" type="simple" />
            <root url="jrt://C:/Program Files/JDK/jdk-11!/jdk.crypto.mscapi" type="simple" />
            <root url="jrt://C:/Program Files/JDK/jdk-11!/jdk.dynalink" type="simple" />
            <root url="jrt://C:/Program Files/JDK/jdk-11!/jdk.editpad" type="simple" />
            <root url="jrt://C:/Program Files/JDK/jdk-11!/jdk.hotspot.agent" type="simple" />
            <root url="jrt://C:/Program Files/JDK/jdk-11!/jdk.httpserver" type="simple" />
            <root url="jrt://C:/Program Files/JDK/jdk-11!/jdk.internal.ed" type="simple" />
            <root url="jrt://C:/Program Files/JDK/jdk-11!/jdk.internal.jvmstat" type="simple" />
            <root url="jrt://C:/Program Files/JDK/jdk-11!/jdk.internal.le" type="simple" />
            <root url="jrt://C:/Program Files/JDK/jdk-11!/jdk.internal.opt" type="simple" />
            <root url="jrt://C:/Program Files/JDK/jdk-11!/jdk.internal.vm.ci" type="simple" />
            <root url="jrt://C:/Program Files/JDK/jdk-11!/jdk.internal.vm.compiler" type="simple" />
            <root url="jrt://C:/Program Files/JDK/jdk-11!/jdk.internal.vm.compiler.management" type="simple" />
            <root url="jrt://C:/Program Files/JDK/jdk-11!/jdk.jartool" type="simple" />
            <root url="jrt://C:/Program Files/JDK/jdk-11!/jdk.javadoc" type="simple" />
            <root url="jrt://C:/Program Files/JDK/jdk-11!/jdk.jcmd" type="simple" />
            <root url="jrt://C:/Program Files/JDK/jdk-11!/jdk.jconsole" type="simple" />
            <root url="jrt://C:/Program Files/JDK/jdk-11!/jdk.jdeps" type="simple" />
            <root url="jrt://C:/Program Files/JDK/jdk-11!/jdk.jdi" type="simple" />
            <root url="jrt://C:/Program Files/JDK/jdk-11!/jdk.jdwp.agent" type="simple" />
            <root url="jrt://C:/Program Files/JDK/jdk-11!/jdk.jfr" type="simple" />
            <root url="jrt://C:/Program Files/JDK/jdk-11!/jdk.jlink" type="simple" />
            <root url="jrt://C:/Program Files/JDK/jdk-11!/jdk.jshell" type="simple" />
            <root url="jrt://C:/Program Files/JDK/jdk-11!/jdk.jsobject" type="simple" />
            <root url="jrt://C:/Program Files/JDK/jdk-11!/jdk.jstatd" type="simple" />
            <root url="jrt://C:/Program Files/JDK/jdk-11!/jdk.localedata" type="simple" />
            <root url="jrt://C:/Program Files/JDK/jdk-11!/jdk.management" type="simple" />
            <root url="jrt://C:/Program Files/JDK/jdk-11!/jdk.management.agent" type="simple" />
            <root url="jrt://C:/Program Files/JDK/jdk-11!/jdk.management.jfr" type="simple" />
            <root url="jrt://C:/Program Files/JDK/jdk-11!/jdk.naming.dns" type="simple" />
            <root url="jrt://C:/Program Files/JDK/jdk-11!/jdk.naming.ldap" type="simple" />
            <root url="jrt://C:/Program Files/JDK/jdk-11!/jdk.naming.rmi" type="simple" />
            <root url="jrt://C:/Program Files/JDK/jdk-11!/jdk.net" type="simple" />
            <root url="jrt://C:/Program Files/JDK/jdk-11!/jdk.pack" type="simple" />
            <root url="jrt://C:/Program Files/JDK/jdk-11!/jdk.rmic" type="simple" />
            <root url="jrt://C:/Program Files/JDK/jdk-11!/jdk.scripting.nashorn" type="simple" />
            <root url="jrt://C:/Program Files/JDK/jdk-11!/jdk.scripting.nashorn.shell" type="simple" />
            <root url="jrt://C:/Program Files/JDK/jdk-11!/jdk.sctp" type="simple" />
            <root url="jrt://C:/Program Files/JDK/jdk-11!/jdk.security.auth" type="simple" />
            <root url="jrt://C:/Program Files/JDK/jdk-11!/jdk.security.jgss" type="simple" />
            <root url="jrt://C:/Program Files/JDK/jdk-11!/jdk.unsupported" type="simple" />
            <root url="jrt://C:/Program Files/JDK/jdk-11!/jdk.unsupported.desktop" type="simple" />
            <root url="jrt://C:/Program Files/JDK/jdk-11!/jdk.xml.dom" type="simple" />
            <root url="jrt://C:/Program Files/JDK/jdk-11!/jdk.zipfs" type="simple" />
          </root>
        </classPath>
        <javadocPath>
          <root type="composite" />
        </javadocPath>
        <sourcePath>
          <root type="composite">
            <root url="jar://C:/Program Files/JDK/jdk-11/lib/src.zip!/java.se" type="simple" />
            <root url="jar://C:/Program Files/JDK/jdk-11/lib/src.zip!/jdk.aot" type="simple" />
            <root url="jar://C:/Program Files/JDK/jdk-11/lib/src.zip!/jdk.jdi" type="simple" />
            <root url="jar://C:/Program Files/JDK/jdk-11/lib/src.zip!/jdk.jfr" type="simple" />
            <root url="jar://C:/Program Files/JDK/jdk-11/lib/src.zip!/jdk.net" type="simple" />
            <root url="jar://C:/Program Files/JDK/jdk-11/lib/src.zip!/java.rmi" type="simple" />
            <root url="jar://C:/Program Files/JDK/jdk-11/lib/src.zip!/java.sql" type="simple" />
            <root url="jar://C:/Program Files/JDK/jdk-11/lib/src.zip!/java.xml" type="simple" />
            <root url="jar://C:/Program Files/JDK/jdk-11/lib/src.zip!/jdk.jcmd" type="simple" />
            <root url="jar://C:/Program Files/JDK/jdk-11/lib/src.zip!/jdk.pack" type="simple" />
            <root url="jar://C:/Program Files/JDK/jdk-11/lib/src.zip!/jdk.rmic" type="simple" />
            <root url="jar://C:/Program Files/JDK/jdk-11/lib/src.zip!/jdk.sctp" type="simple" />
            <root url="jar://C:/Program Files/JDK/jdk-11/lib/src.zip!/java.base" type="simple" />
            <root url="jar://C:/Program Files/JDK/jdk-11/lib/src.zip!/jdk.jdeps" type="simple" />
            <root url="jar://C:/Program Files/JDK/jdk-11/lib/src.zip!/jdk.jlink" type="simple" />
            <root url="jar://C:/Program Files/JDK/jdk-11/lib/src.zip!/jdk.zipfs" type="simple" />
            <root url="jar://C:/Program Files/JDK/jdk-11/lib/src.zip!/java.prefs" type="simple" />
            <root url="jar://C:/Program Files/JDK/jdk-11/lib/src.zip!/jdk.attach" type="simple" />
            <root url="jar://C:/Program Files/JDK/jdk-11/lib/src.zip!/jdk.jshell" type="simple" />
            <root url="jar://C:/Program Files/JDK/jdk-11/lib/src.zip!/jdk.jstatd" type="simple" />
            <root url="jar://C:/Program Files/JDK/jdk-11/lib/src.zip!/java.naming" type="simple" />
            <root url="jar://C:/Program Files/JDK/jdk-11/lib/src.zip!/jdk.editpad" type="simple" />
            <root url="jar://C:/Program Files/JDK/jdk-11/lib/src.zip!/jdk.jartool" type="simple" />
            <root url="jar://C:/Program Files/JDK/jdk-11/lib/src.zip!/jdk.javadoc" type="simple" />
            <root url="jar://C:/Program Files/JDK/jdk-11/lib/src.zip!/jdk.xml.dom" type="simple" />
            <root url="jar://C:/Program Files/JDK/jdk-11/lib/src.zip!/java.desktop" type="simple" />
            <root url="jar://C:/Program Files/JDK/jdk-11/lib/src.zip!/java.logging" type="simple" />
            <root url="jar://C:/Program Files/JDK/jdk-11/lib/src.zip!/jdk.charsets" type="simple" />
            <root url="jar://C:/Program Files/JDK/jdk-11/lib/src.zip!/jdk.compiler" type="simple" />
            <root url="jar://C:/Program Files/JDK/jdk-11/lib/src.zip!/jdk.dynalink" type="simple" />
            <root url="jar://C:/Program Files/JDK/jdk-11/lib/src.zip!/jdk.jconsole" type="simple" />
            <root url="jar://C:/Program Files/JDK/jdk-11/lib/src.zip!/jdk.jsobject" type="simple" />
            <root url="jar://C:/Program Files/JDK/jdk-11/lib/src.zip!/java.compiler" type="simple" />
            <root url="jar://C:/Program Files/JDK/jdk-11/lib/src.zip!/java.net.http" type="simple" />
            <root url="jar://C:/Program Files/JDK/jdk-11/lib/src.zip!/jdk.crypto.ec" type="simple" />
            <root url="jar://C:/Program Files/JDK/jdk-11/lib/src.zip!/java.scripting" type="simple" />
            <root url="jar://C:/Program Files/JDK/jdk-11/lib/src.zip!/jdk.httpserver" type="simple" />
            <root url="jar://C:/Program Files/JDK/jdk-11/lib/src.zip!/jdk.jdwp.agent" type="simple" />
            <root url="jar://C:/Program Files/JDK/jdk-11/lib/src.zip!/jdk.localedata" type="simple" />
            <root url="jar://C:/Program Files/JDK/jdk-11/lib/src.zip!/jdk.management" type="simple" />
            <root url="jar://C:/Program Files/JDK/jdk-11/lib/src.zip!/jdk.naming.dns" type="simple" />
            <root url="jar://C:/Program Files/JDK/jdk-11/lib/src.zip!/jdk.naming.rmi" type="simple" />
            <root url="jar://C:/Program Files/JDK/jdk-11/lib/src.zip!/java.instrument" type="simple" />
            <root url="jar://C:/Program Files/JDK/jdk-11/lib/src.zip!/java.management" type="simple" />
            <root url="jar://C:/Program Files/JDK/jdk-11/lib/src.zip!/java.sql.rowset" type="simple" />
            <root url="jar://C:/Program Files/JDK/jdk-11/lib/src.zip!/java.xml.crypto" type="simple" />
            <root url="jar://C:/Program Files/JDK/jdk-11/lib/src.zip!/jdk.internal.ed" type="simple" />
            <root url="jar://C:/Program Files/JDK/jdk-11/lib/src.zip!/jdk.internal.le" type="simple" />
            <root url="jar://C:/Program Files/JDK/jdk-11/lib/src.zip!/jdk.naming.ldap" type="simple" />
            <root url="jar://C:/Program Files/JDK/jdk-11/lib/src.zip!/jdk.unsupported" type="simple" />
            <root url="jar://C:/Program Files/JDK/jdk-11/lib/src.zip!/java.smartcardio" type="simple" />
            <root url="jar://C:/Program Files/JDK/jdk-11/lib/src.zip!/jdk.internal.opt" type="simple" />
            <root url="jar://C:/Program Files/JDK/jdk-11/lib/src.zip!/java.datatransfer" type="simple" />
            <root url="jar://C:/Program Files/JDK/jdk-11/lib/src.zip!/jdk.accessibility" type="simple" />
            <root url="jar://C:/Program Files/JDK/jdk-11/lib/src.zip!/jdk.crypto.mscapi" type="simple" />
            <root url="jar://C:/Program Files/JDK/jdk-11/lib/src.zip!/jdk.hotspot.agent" type="simple" />
            <root url="jar://C:/Program Files/JDK/jdk-11/lib/src.zip!/jdk.security.auth" type="simple" />
            <root url="jar://C:/Program Files/JDK/jdk-11/lib/src.zip!/jdk.security.jgss" type="simple" />
            <root url="jar://C:/Program Files/JDK/jdk-11/lib/src.zip!/java.security.jgss" type="simple" />
            <root url="jar://C:/Program Files/JDK/jdk-11/lib/src.zip!/java.security.sasl" type="simple" />
            <root url="jar://C:/Program Files/JDK/jdk-11/lib/src.zip!/jdk.internal.vm.ci" type="simple" />
            <root url="jar://C:/Program Files/JDK/jdk-11/lib/src.zip!/jdk.management.jfr" type="simple" />
            <root url="jar://C:/Program Files/JDK/jdk-11/lib/src.zip!/java.management.rmi" type="simple" />
            <root url="jar://C:/Program Files/JDK/jdk-11/lib/src.zip!/java.transaction.xa" type="simple" />
            <root url="jar://C:/Program Files/JDK/jdk-11/lib/src.zip!/jdk.crypto.cryptoki" type="simple" />
            <root url="jar://C:/Program Files/JDK/jdk-11/lib/src.zip!/jdk.internal.jvmstat" type="simple" />
            <root url="jar://C:/Program Files/JDK/jdk-11/lib/src.zip!/jdk.management.agent" type="simple" />
            <root url="jar://C:/Program Files/JDK/jdk-11/lib/src.zip!/jdk.scripting.nashorn" type="simple" />
            <root url="jar://C:/Program Files/JDK/jdk-11/lib/src.zip!/jdk.unsupported.desktop" type="simple" />
            <root url="jar://C:/Program Files/JDK/jdk-11/lib/src.zip!/jdk.internal.vm.compiler" type="simple" />
            <root url="jar://C:/Program Files/JDK/jdk-11/lib/src.zip!/jdk.scripting.nashorn.shell" type="simple" />
            <root url="jar://C:/Program Files/JDK/jdk-11/lib/src.zip!/jdk.internal.vm.compiler.management" type="simple" />
          </root>
        </sourcePath>
      </roots>
    </jdk>
    <jdk version="2">
      <name value="8" />
      <type value="JavaSDK" />
      <version value="Oracle OpenJDK 1.8.0_271" />
      <homePath value="C:/Program Files/JDK/jdk-8" />
      <roots>
        <annotationsPath>
          <root type="composite">
            <root url="jar://$APPLICATION_HOME_DIR$/plugins/java/lib/resources/jdkAnnotations.jar!/" type="simple" />
          </root>
        </annotationsPath>
        <classPath>
          <root type="composite">
            <root url="jar://C:/Program Files/JDK/jdk-8/jre/lib/charsets.jar!/" type="simple" />
            <root url="jar://C:/Program Files/JDK/jdk-8/jre/lib/deploy.jar!/" type="simple" />
            <root url="jar://C:/Program Files/JDK/jdk-8/jre/lib/ext/access-bridge-64.jar!/" type="simple" />
            <root url="jar://C:/Program Files/JDK/jdk-8/jre/lib/ext/cldrdata.jar!/" type="simple" />
            <root url="jar://C:/Program Files/JDK/jdk-8/jre/lib/ext/dnsns.jar!/" type="simple" />
            <root url="jar://C:/Program Files/JDK/jdk-8/jre/lib/ext/jaccess.jar!/" type="simple" />
            <root url="jar://C:/Program Files/JDK/jdk-8/jre/lib/ext/jfxrt.jar!/" type="simple" />
            <root url="jar://C:/Program Files/JDK/jdk-8/jre/lib/ext/localedata.jar!/" type="simple" />
            <root url="jar://C:/Program Files/JDK/jdk-8/jre/lib/ext/nashorn.jar!/" type="simple" />
            <root url="jar://C:/Program Files/JDK/jdk-8/jre/lib/ext/sunec.jar!/" type="simple" />
            <root url="jar://C:/Program Files/JDK/jdk-8/jre/lib/ext/sunjce_provider.jar!/" type="simple" />
            <root url="jar://C:/Program Files/JDK/jdk-8/jre/lib/ext/sunmscapi.jar!/" type="simple" />
            <root url="jar://C:/Program Files/JDK/jdk-8/jre/lib/ext/sunpkcs11.jar!/" type="simple" />
            <root url="jar://C:/Program Files/JDK/jdk-8/jre/lib/ext/zipfs.jar!/" type="simple" />
            <root url="jar://C:/Program Files/JDK/jdk-8/jre/lib/javaws.jar!/" type="simple" />
            <root url="jar://C:/Program Files/JDK/jdk-8/jre/lib/jce.jar!/" type="simple" />
            <root url="jar://C:/Program Files/JDK/jdk-8/jre/lib/jfr.jar!/" type="simple" />
            <root url="jar://C:/Program Files/JDK/jdk-8/jre/lib/jfxswt.jar!/" type="simple" />
            <root url="jar://C:/Program Files/JDK/jdk-8/jre/lib/jsse.jar!/" type="simple" />
            <root url="jar://C:/Program Files/JDK/jdk-8/jre/lib/management-agent.jar!/" type="simple" />
            <root url="jar://C:/Program Files/JDK/jdk-8/jre/lib/plugin.jar!/" type="simple" />
            <root url="jar://C:/Program Files/JDK/jdk-8/jre/lib/resources.jar!/" type="simple" />
            <root url="jar://C:/Program Files/JDK/jdk-8/jre/lib/rt.jar!/" type="simple" />
          </root>
        </classPath>
        <javadocPath>
          <root type="composite" />
        </javadocPath>
        <sourcePath>
          <root type="composite">
            <root url="jar://C:/Program Files/JDK/jdk-8/src.zip!/" type="simple" />
            <root url="jar://C:/Program Files/JDK/jdk-8/javafx-src.zip!/" type="simple" />
          </root>
        </sourcePath>
      </roots>
    </jdk>
    <jdk version="2">
      <name value="21 (2)" />
      <type value="JavaSDK" />
      <version value="Oracle OpenJDK 21.0.4" />
      <homePath value="C:/Program Files/JDK/jdk-21" />
      <roots>
        <annotationsPath>
          <root type="composite">
            <root url="jar://$APPLICATION_HOME_DIR$/plugins/java/lib/resources/jdkAnnotations.jar!/" type="simple" />
          </root>
        </annotationsPath>
        <classPath>
          <root type="composite">
            <root url="jrt://C:/Program Files/JDK/jdk-21!/java.base" type="simple" />
            <root url="jrt://C:/Program Files/JDK/jdk-21!/java.compiler" type="simple" />
            <root url="jrt://C:/Program Files/JDK/jdk-21!/java.datatransfer" type="simple" />
            <root url="jrt://C:/Program Files/JDK/jdk-21!/java.desktop" type="simple" />
            <root url="jrt://C:/Program Files/JDK/jdk-21!/java.instrument" type="simple" />
            <root url="jrt://C:/Program Files/JDK/jdk-21!/java.logging" type="simple" />
            <root url="jrt://C:/Program Files/JDK/jdk-21!/java.management" type="simple" />
            <root url="jrt://C:/Program Files/JDK/jdk-21!/java.management.rmi" type="simple" />
            <root url="jrt://C:/Program Files/JDK/jdk-21!/java.naming" type="simple" />
            <root url="jrt://C:/Program Files/JDK/jdk-21!/java.net.http" type="simple" />
            <root url="jrt://C:/Program Files/JDK/jdk-21!/java.prefs" type="simple" />
            <root url="jrt://C:/Program Files/JDK/jdk-21!/java.rmi" type="simple" />
            <root url="jrt://C:/Program Files/JDK/jdk-21!/java.scripting" type="simple" />
            <root url="jrt://C:/Program Files/JDK/jdk-21!/java.se" type="simple" />
            <root url="jrt://C:/Program Files/JDK/jdk-21!/java.security.jgss" type="simple" />
            <root url="jrt://C:/Program Files/JDK/jdk-21!/java.security.sasl" type="simple" />
            <root url="jrt://C:/Program Files/JDK/jdk-21!/java.smartcardio" type="simple" />
            <root url="jrt://C:/Program Files/JDK/jdk-21!/java.sql" type="simple" />
            <root url="jrt://C:/Program Files/JDK/jdk-21!/java.sql.rowset" type="simple" />
            <root url="jrt://C:/Program Files/JDK/jdk-21!/java.transaction.xa" type="simple" />
            <root url="jrt://C:/Program Files/JDK/jdk-21!/java.xml" type="simple" />
            <root url="jrt://C:/Program Files/JDK/jdk-21!/java.xml.crypto" type="simple" />
            <root url="jrt://C:/Program Files/JDK/jdk-21!/jdk.accessibility" type="simple" />
            <root url="jrt://C:/Program Files/JDK/jdk-21!/jdk.attach" type="simple" />
            <root url="jrt://C:/Program Files/JDK/jdk-21!/jdk.charsets" type="simple" />
            <root url="jrt://C:/Program Files/JDK/jdk-21!/jdk.compiler" type="simple" />
            <root url="jrt://C:/Program Files/JDK/jdk-21!/jdk.crypto.cryptoki" type="simple" />
            <root url="jrt://C:/Program Files/JDK/jdk-21!/jdk.crypto.ec" type="simple" />
            <root url="jrt://C:/Program Files/JDK/jdk-21!/jdk.crypto.mscapi" type="simple" />
            <root url="jrt://C:/Program Files/JDK/jdk-21!/jdk.dynalink" type="simple" />
            <root url="jrt://C:/Program Files/JDK/jdk-21!/jdk.editpad" type="simple" />
            <root url="jrt://C:/Program Files/JDK/jdk-21!/jdk.hotspot.agent" type="simple" />
            <root url="jrt://C:/Program Files/JDK/jdk-21!/jdk.httpserver" type="simple" />
            <root url="jrt://C:/Program Files/JDK/jdk-21!/jdk.incubator.vector" type="simple" />
            <root url="jrt://C:/Program Files/JDK/jdk-21!/jdk.internal.ed" type="simple" />
            <root url="jrt://C:/Program Files/JDK/jdk-21!/jdk.internal.jvmstat" type="simple" />
            <root url="jrt://C:/Program Files/JDK/jdk-21!/jdk.internal.le" type="simple" />
            <root url="jrt://C:/Program Files/JDK/jdk-21!/jdk.internal.opt" type="simple" />
            <root url="jrt://C:/Program Files/JDK/jdk-21!/jdk.internal.vm.ci" type="simple" />
            <root url="jrt://C:/Program Files/JDK/jdk-21!/jdk.internal.vm.compiler" type="simple" />
            <root url="jrt://C:/Program Files/JDK/jdk-21!/jdk.internal.vm.compiler.management" type="simple" />
            <root url="jrt://C:/Program Files/JDK/jdk-21!/jdk.jartool" type="simple" />
            <root url="jrt://C:/Program Files/JDK/jdk-21!/jdk.javadoc" type="simple" />
            <root url="jrt://C:/Program Files/JDK/jdk-21!/jdk.jcmd" type="simple" />
            <root url="jrt://C:/Program Files/JDK/jdk-21!/jdk.jconsole" type="simple" />
            <root url="jrt://C:/Program Files/JDK/jdk-21!/jdk.jdeps" type="simple" />
            <root url="jrt://C:/Program Files/JDK/jdk-21!/jdk.jdi" type="simple" />
            <root url="jrt://C:/Program Files/JDK/jdk-21!/jdk.jdwp.agent" type="simple" />
            <root url="jrt://C:/Program Files/JDK/jdk-21!/jdk.jfr" type="simple" />
            <root url="jrt://C:/Program Files/JDK/jdk-21!/jdk.jlink" type="simple" />
            <root url="jrt://C:/Program Files/JDK/jdk-21!/jdk.jpackage" type="simple" />
            <root url="jrt://C:/Program Files/JDK/jdk-21!/jdk.jshell" type="simple" />
            <root url="jrt://C:/Program Files/JDK/jdk-21!/jdk.jsobject" type="simple" />
            <root url="jrt://C:/Program Files/JDK/jdk-21!/jdk.jstatd" type="simple" />
            <root url="jrt://C:/Program Files/JDK/jdk-21!/jdk.localedata" type="simple" />
            <root url="jrt://C:/Program Files/JDK/jdk-21!/jdk.management" type="simple" />
            <root url="jrt://C:/Program Files/JDK/jdk-21!/jdk.management.agent" type="simple" />
            <root url="jrt://C:/Program Files/JDK/jdk-21!/jdk.management.jfr" type="simple" />
            <root url="jrt://C:/Program Files/JDK/jdk-21!/jdk.naming.dns" type="simple" />
            <root url="jrt://C:/Program Files/JDK/jdk-21!/jdk.naming.rmi" type="simple" />
            <root url="jrt://C:/Program Files/JDK/jdk-21!/jdk.net" type="simple" />
            <root url="jrt://C:/Program Files/JDK/jdk-21!/jdk.nio.mapmode" type="simple" />
            <root url="jrt://C:/Program Files/JDK/jdk-21!/jdk.random" type="simple" />
            <root url="jrt://C:/Program Files/JDK/jdk-21!/jdk.sctp" type="simple" />
            <root url="jrt://C:/Program Files/JDK/jdk-21!/jdk.security.auth" type="simple" />
            <root url="jrt://C:/Program Files/JDK/jdk-21!/jdk.security.jgss" type="simple" />
            <root url="jrt://C:/Program Files/JDK/jdk-21!/jdk.unsupported" type="simple" />
            <root url="jrt://C:/Program Files/JDK/jdk-21!/jdk.unsupported.desktop" type="simple" />
            <root url="jrt://C:/Program Files/JDK/jdk-21!/jdk.xml.dom" type="simple" />
            <root url="jrt://C:/Program Files/JDK/jdk-21!/jdk.zipfs" type="simple" />
          </root>
        </classPath>
        <javadocPath>
          <root type="composite" />
        </javadocPath>
        <sourcePath>
          <root type="composite">
            <root url="jar://C:/Program Files/JDK/jdk-21/lib/src.zip!/java.se" type="simple" />
            <root url="jar://C:/Program Files/JDK/jdk-21/lib/src.zip!/jdk.jdi" type="simple" />
            <root url="jar://C:/Program Files/JDK/jdk-21/lib/src.zip!/jdk.jfr" type="simple" />
            <root url="jar://C:/Program Files/JDK/jdk-21/lib/src.zip!/jdk.net" type="simple" />
            <root url="jar://C:/Program Files/JDK/jdk-21/lib/src.zip!/java.rmi" type="simple" />
            <root url="jar://C:/Program Files/JDK/jdk-21/lib/src.zip!/java.sql" type="simple" />
            <root url="jar://C:/Program Files/JDK/jdk-21/lib/src.zip!/java.xml" type="simple" />
            <root url="jar://C:/Program Files/JDK/jdk-21/lib/src.zip!/jdk.jcmd" type="simple" />
            <root url="jar://C:/Program Files/JDK/jdk-21/lib/src.zip!/jdk.sctp" type="simple" />
            <root url="jar://C:/Program Files/JDK/jdk-21/lib/src.zip!/java.base" type="simple" />
            <root url="jar://C:/Program Files/JDK/jdk-21/lib/src.zip!/jdk.jdeps" type="simple" />
            <root url="jar://C:/Program Files/JDK/jdk-21/lib/src.zip!/jdk.jlink" type="simple" />
            <root url="jar://C:/Program Files/JDK/jdk-21/lib/src.zip!/jdk.zipfs" type="simple" />
            <root url="jar://C:/Program Files/JDK/jdk-21/lib/src.zip!/java.prefs" type="simple" />
            <root url="jar://C:/Program Files/JDK/jdk-21/lib/src.zip!/jdk.attach" type="simple" />
            <root url="jar://C:/Program Files/JDK/jdk-21/lib/src.zip!/jdk.jshell" type="simple" />
            <root url="jar://C:/Program Files/JDK/jdk-21/lib/src.zip!/jdk.jstatd" type="simple" />
            <root url="jar://C:/Program Files/JDK/jdk-21/lib/src.zip!/jdk.random" type="simple" />
            <root url="jar://C:/Program Files/JDK/jdk-21/lib/src.zip!/java.naming" type="simple" />
            <root url="jar://C:/Program Files/JDK/jdk-21/lib/src.zip!/jdk.editpad" type="simple" />
            <root url="jar://C:/Program Files/JDK/jdk-21/lib/src.zip!/jdk.jartool" type="simple" />
            <root url="jar://C:/Program Files/JDK/jdk-21/lib/src.zip!/jdk.javadoc" type="simple" />
            <root url="jar://C:/Program Files/JDK/jdk-21/lib/src.zip!/jdk.xml.dom" type="simple" />
            <root url="jar://C:/Program Files/JDK/jdk-21/lib/src.zip!/java.desktop" type="simple" />
            <root url="jar://C:/Program Files/JDK/jdk-21/lib/src.zip!/java.logging" type="simple" />
            <root url="jar://C:/Program Files/JDK/jdk-21/lib/src.zip!/jdk.charsets" type="simple" />
            <root url="jar://C:/Program Files/JDK/jdk-21/lib/src.zip!/jdk.compiler" type="simple" />
            <root url="jar://C:/Program Files/JDK/jdk-21/lib/src.zip!/jdk.dynalink" type="simple" />
            <root url="jar://C:/Program Files/JDK/jdk-21/lib/src.zip!/jdk.jconsole" type="simple" />
            <root url="jar://C:/Program Files/JDK/jdk-21/lib/src.zip!/jdk.jpackage" type="simple" />
            <root url="jar://C:/Program Files/JDK/jdk-21/lib/src.zip!/jdk.jsobject" type="simple" />
            <root url="jar://C:/Program Files/JDK/jdk-21/lib/src.zip!/java.compiler" type="simple" />
            <root url="jar://C:/Program Files/JDK/jdk-21/lib/src.zip!/java.net.http" type="simple" />
            <root url="jar://C:/Program Files/JDK/jdk-21/lib/src.zip!/jdk.crypto.ec" type="simple" />
            <root url="jar://C:/Program Files/JDK/jdk-21/lib/src.zip!/java.scripting" type="simple" />
            <root url="jar://C:/Program Files/JDK/jdk-21/lib/src.zip!/jdk.httpserver" type="simple" />
            <root url="jar://C:/Program Files/JDK/jdk-21/lib/src.zip!/jdk.jdwp.agent" type="simple" />
            <root url="jar://C:/Program Files/JDK/jdk-21/lib/src.zip!/jdk.localedata" type="simple" />
            <root url="jar://C:/Program Files/JDK/jdk-21/lib/src.zip!/jdk.management" type="simple" />
            <root url="jar://C:/Program Files/JDK/jdk-21/lib/src.zip!/jdk.naming.dns" type="simple" />
            <root url="jar://C:/Program Files/JDK/jdk-21/lib/src.zip!/jdk.naming.rmi" type="simple" />
            <root url="jar://C:/Program Files/JDK/jdk-21/lib/src.zip!/java.instrument" type="simple" />
            <root url="jar://C:/Program Files/JDK/jdk-21/lib/src.zip!/java.management" type="simple" />
            <root url="jar://C:/Program Files/JDK/jdk-21/lib/src.zip!/java.sql.rowset" type="simple" />
            <root url="jar://C:/Program Files/JDK/jdk-21/lib/src.zip!/java.xml.crypto" type="simple" />
            <root url="jar://C:/Program Files/JDK/jdk-21/lib/src.zip!/jdk.internal.ed" type="simple" />
            <root url="jar://C:/Program Files/JDK/jdk-21/lib/src.zip!/jdk.internal.le" type="simple" />
            <root url="jar://C:/Program Files/JDK/jdk-21/lib/src.zip!/jdk.nio.mapmode" type="simple" />
            <root url="jar://C:/Program Files/JDK/jdk-21/lib/src.zip!/jdk.unsupported" type="simple" />
            <root url="jar://C:/Program Files/JDK/jdk-21/lib/src.zip!/java.smartcardio" type="simple" />
            <root url="jar://C:/Program Files/JDK/jdk-21/lib/src.zip!/jdk.internal.opt" type="simple" />
            <root url="jar://C:/Program Files/JDK/jdk-21/lib/src.zip!/java.datatransfer" type="simple" />
            <root url="jar://C:/Program Files/JDK/jdk-21/lib/src.zip!/jdk.accessibility" type="simple" />
            <root url="jar://C:/Program Files/JDK/jdk-21/lib/src.zip!/jdk.crypto.mscapi" type="simple" />
            <root url="jar://C:/Program Files/JDK/jdk-21/lib/src.zip!/jdk.hotspot.agent" type="simple" />
            <root url="jar://C:/Program Files/JDK/jdk-21/lib/src.zip!/jdk.security.auth" type="simple" />
            <root url="jar://C:/Program Files/JDK/jdk-21/lib/src.zip!/jdk.security.jgss" type="simple" />
            <root url="jar://C:/Program Files/JDK/jdk-21/lib/src.zip!/java.security.jgss" type="simple" />
            <root url="jar://C:/Program Files/JDK/jdk-21/lib/src.zip!/java.security.sasl" type="simple" />
            <root url="jar://C:/Program Files/JDK/jdk-21/lib/src.zip!/jdk.internal.vm.ci" type="simple" />
            <root url="jar://C:/Program Files/JDK/jdk-21/lib/src.zip!/jdk.management.jfr" type="simple" />
            <root url="jar://C:/Program Files/JDK/jdk-21/lib/src.zip!/java.management.rmi" type="simple" />
            <root url="jar://C:/Program Files/JDK/jdk-21/lib/src.zip!/java.transaction.xa" type="simple" />
            <root url="jar://C:/Program Files/JDK/jdk-21/lib/src.zip!/jdk.crypto.cryptoki" type="simple" />
            <root url="jar://C:/Program Files/JDK/jdk-21/lib/src.zip!/jdk.incubator.vector" type="simple" />
            <root url="jar://C:/Program Files/JDK/jdk-21/lib/src.zip!/jdk.internal.jvmstat" type="simple" />
            <root url="jar://C:/Program Files/JDK/jdk-21/lib/src.zip!/jdk.management.agent" type="simple" />
            <root url="jar://C:/Program Files/JDK/jdk-21/lib/src.zip!/jdk.unsupported.desktop" type="simple" />
            <root url="jar://C:/Program Files/JDK/jdk-21/lib/src.zip!/jdk.internal.vm.compiler" type="simple" />
            <root url="jar://C:/Program Files/JDK/jdk-21/lib/src.zip!/jdk.internal.vm.compiler.management" type="simple" />
          </root>
        </sourcePath>
      </roots>
    </jdk>
  </component>
</application>