<application>
  <component name="ProjectManager">
    <defaultProject>
      <component name="AutoImportSettings">
        <option name="autoReloadType" value="SELECTIVE" />
      </component>
      <component name="PropertiesComponent"><![CDATA[{
  "keyToString": {
    "settings.editor.selected.configurable": "MavenSettings"
  }
}]]></component>
      <component name="VcsDirectoryMappings" defaultProject="true" />
      <component name="WindowStateProjectService">
        <state x="463" y="82" key="SettingsEditor" timestamp="1727629148793">
          <screen x="0" y="0" width="1920" height="1032" />
        </state>
        <state x="463" y="82" key="SettingsEditor/0.0.1920.1032" timestamp="1727629148793" />
      </component>
    </defaultProject>
  </component>
</application>