<application>
  <component name="UpdatesConfigurable">
    <ignoredBuildNumbers>
      <item value="193.5233.102" />
      <item value="212.5284.31" />
    </ignoredBuildNumbers>
    <option name="LAST_BUILD_CHECKED" value="IU-241.14494.240" />
    <option name="LAST_TIME_CHECKED" value="1713287182014" />
    <option name="OBSOLETE_CUSTOM_REPOSITORIES_CLEAN_NEEDED" value="false" />
    <option name="THIRD_PARTY_PLUGINS_ALLOWED" value="true" />
    <option name="WHATS_NEW_SHOWN_FOR" value="241" />
  </component>
</application>