<application>
  <component name="DimensionService">
    <size key="GridCell.Tab.0.left.0.0.3840.2160@192dpi" width="3678" height="594" />
    <size key="GridCell.Tab.0.center.0.0.3840.2160@192dpi" width="3678" height="594" />
    <size key="GridCell.Tab.0.right.0.0.3840.2160@192dpi" width="3678" height="594" />
    <size key="GridCell.Tab.0.bottom.0.0.3840.2160@192dpi" width="3678" height="594" />
  </component>
  <component name="WindowManager">
    <frame x="-14" y="-14" width="3860" height="2084" />
  </component>
  <component name="WindowStateApplicationService">
    <state x="691" y="186" key="#HTTP_Proxy" timestamp="1727628163333">
      <screen x="0" y="0" width="1920" height="1032" />
    </state>
    <state x="691" y="186" key="#HTTP_Proxy/0.0.1920.1032" timestamp="1727628163333" />
    <state x="710" y="314" key="#com.intellij.ide.actions.ChooseComponentsToExportDialog" timestamp="1727628241394">
      <screen x="0" y="0" width="1920" height="1032" />
    </state>
    <state x="710" y="314" key="#com.intellij.ide.actions.ChooseComponentsToExportDialog/0.0.1920.1032" timestamp="1727628241394" />
    <state x="742" y="264" key="FileChooserDialogImpl" timestamp="1727629104152">
      <screen x="0" y="0" width="1920" height="1032" />
    </state>
    <state x="742" y="264" key="FileChooserDialogImpl/0.0.1920.1032" timestamp="1727629104152" />
    <state x="960" y="452" width="800" height="650" key="WELCOME_SCREEN" timestamp="1727629872320">
      <screen x="0" y="0" width="1920" height="1032" />
    </state>
    <state x="960" y="452" width="800" height="650" key="WELCOME_SCREEN/0.0.1920.1032" timestamp="1727629872320" />
  </component>
</application>