<keymap version="1" name="Eclipse copy" parent="Eclipse">
  <action id="Arrangement.Alias.Rule.Edit" />
  <action id="Arrangement.Rule.Edit" />
  <action id="Arrangement.Rule.Match.Condition.Move.Down" />
  <action id="Arrangement.Rule.Match.Condition.Move.Up" />
  <action id="BuildArtifact">
    <keyboard-shortcut first-keystroke="alt a" />
  </action>
  <action id="CheckinProject">
    <keyboard-shortcut first-keystroke="alt c" />
  </action>
  <action id="ChooseDebugConfiguration">
    <keyboard-shortcut first-keystroke="shift ctrl d" />
  </action>
  <action id="CodeCompletion">
    <keyboard-shortcut first-keystroke="alt slash" />
  </action>
  <action id="CollapseAllRegions">
    <keyboard-shortcut first-keystroke="shift ctrl minus" />
  </action>
  <action id="CommentByLineComment">
    <keyboard-shortcut first-keystroke="ctrl slash" />
  </action>
  <action id="Console.Execute.Multiline" />
  <action id="Console.Jdbc.Execute.3">
    <keyboard-shortcut first-keystroke="ctrl enter" />
  </action>
  <action id="CopyReference">
    <keyboard-shortcut first-keystroke="shift ctrl alt c" />
    <mouse-shortcut keystroke="button2" />
  </action>
  <action id="Debug">
    <keyboard-shortcut first-keystroke="shift f9" />
    <keyboard-shortcut first-keystroke="ctrl alt enter" />
  </action>
  <action id="Debugger.EditArrayFilter" />
  <action id="Debugger.EditCustomField" />
  <action id="Diff.ShowSettingsPopup" />
  <action id="DirDiffMenu.SynchronizeDiff.All" />
  <action id="EditorCloneCaretAbove">
    <keyboard-shortcut first-keystroke="alt up" />
  </action>
  <action id="EditorCloneCaretBelow">
    <keyboard-shortcut first-keystroke="alt down" />
  </action>
  <action id="EditorCreateRectangularSelectionOnMouseDrag">
    <mouse-shortcut keystroke="alt button1" />
  </action>
  <action id="EditorDecreaseFontSize">
    <mouse-shortcut keystroke="control button142" />
  </action>
  <action id="EditorDuplicate">
    <keyboard-shortcut first-keystroke="ctrl down" />
  </action>
  <action id="EditorIncreaseFontSize">
    <mouse-shortcut keystroke="control button143" />
  </action>
  <action id="EditorLineEnd">
    <keyboard-shortcut first-keystroke="end" />
    <keyboard-shortcut first-keystroke="ctrl right" />
  </action>
  <action id="EditorLineStart">
    <keyboard-shortcut first-keystroke="home" />
    <keyboard-shortcut first-keystroke="ctrl left" />
  </action>
  <action id="EditorLookupDown" />
  <action id="EditorLookupUp" />
  <action id="EditorNextWord" />
  <action id="EditorPasteFromX11" />
  <action id="EditorPreviousWord" />
  <action id="EditorScrollDown" />
  <action id="EditorScrollUp" />
  <action id="EditorSplitLine" />
  <action id="EditorStartNewLineBefore" />
  <action id="ExpandAllRegions">
    <keyboard-shortcut first-keystroke="shift ctrl equals" />
  </action>
  <action id="ExtractMethod">
    <keyboard-shortcut first-keystroke="alt m" />
  </action>
  <action id="FindInPath">
    <keyboard-shortcut first-keystroke="ctrl h" />
    <keyboard-shortcut first-keystroke="shift ctrl f" />
  </action>
  <action id="ForceStepInto">
    <keyboard-shortcut first-keystroke="alt f7" />
  </action>
  <action id="Generate">
    <keyboard-shortcut first-keystroke="alt j" />
  </action>
  <action id="Graph.ApplyCurrentLayout" />
  <action id="Groovy.Shell.Execute" />
  <action id="HippieBackwardCompletion" />
  <action id="HippieCompletion" />
  <action id="Images.Editor.ActualSize">
    <keyboard-shortcut first-keystroke="ctrl divide" />
  </action>
  <action id="ImplementMethods">
    <keyboard-shortcut first-keystroke="alt i" />
  </action>
  <action id="IncrementalSearch" />
  <action id="IntroduceVariable">
    <keyboard-shortcut first-keystroke="alt v" />
  </action>
  <action id="KotlinShellExecute" />
  <action id="MethodOverloadSwitchDown" />
  <action id="MethodOverloadSwitchUp" />
  <action id="MoveStatementDown" />
  <action id="MoveStatementUp" />
  <action id="PreviousOccurence">
    <keyboard-shortcut first-keystroke="ctrl up" />
  </action>
  <action id="QuickActionPopup" />
  <action id="QuickChangeScheme" />
  <action id="QuickJavaDoc">
    <mouse-shortcut keystroke="alt button2" />
    <keyboard-shortcut first-keystroke="shift ctrl space" />
  </action>
  <action id="ReformatCode">
    <keyboard-shortcut first-keystroke="ctrl alt l" />
  </action>
  <action id="RenameElement">
    <keyboard-shortcut first-keystroke="f2" />
  </action>
  <action id="ReplaceInPath">
    <keyboard-shortcut first-keystroke="ctrl r" />
  </action>
  <action id="Resume">
    <keyboard-shortcut first-keystroke="f5" />
  </action>
  <action id="RunClass">
    <keyboard-shortcut first-keystroke="shift ctrl f10" />
    <keyboard-shortcut first-keystroke="ctrl enter" />
  </action>
  <action id="RunToCursor" />
  <action id="SearchEverywhere.NavigateToNextGroup">
    <keyboard-shortcut first-keystroke="page_down" />
  </action>
  <action id="SearchEverywhere.NavigateToPrevGroup">
    <keyboard-shortcut first-keystroke="page_up" />
  </action>
  <action id="SetShortcutAction">
    <keyboard-shortcut first-keystroke="shift alt j" />
    <keyboard-shortcut first-keystroke="shift ctrl m" />
  </action>
  <action id="ShowContent" />
  <action id="ShowIntentionActions">
    <keyboard-shortcut first-keystroke="shift alt j" />
    <keyboard-shortcut first-keystroke="shift ctrl m" />
    <keyboard-shortcut first-keystroke="ctrl alt slash" />
  </action>
  <action id="ShowSearchHistory" />
  <action id="ShowUsages" />
  <action id="SmartTypeCompletion" />
  <action id="StepInto">
    <keyboard-shortcut first-keystroke="f7" />
  </action>
  <action id="StepOut">
    <keyboard-shortcut first-keystroke="f8" />
  </action>
  <action id="SurroundWith">
    <keyboard-shortcut first-keystroke="shift alt z" />
    <keyboard-shortcut first-keystroke="ctrl alt t" />
    <keyboard-shortcut first-keystroke="alt s" />
  </action>
  <action id="UpdateRunningApplication" />
  <action id="UsageFiltering.ReadAccess" />
  <action id="UsageView.ShowRecentFindUsages" />
  <action id="Vcs.Push">
    <keyboard-shortcut first-keystroke="alt p" />
  </action>
  <action id="Vcs.ToggleAmendCommitMode" />
  <action id="ViewSource" />
  <action id="XDebugger.EditWatch" />
  <action id="XDebugger.SetValue" />
</keymap>