<application>
  <component name="ConsoleFoldingSettings">
    <option name="addedPositive">
      <list>
        <option value="2022-09-26 21:16:34.926296: W tensorflow/stream_executor/platform/default/dso_loader.cc:64] Could not load dynamic library 'cudart64_110.dll'; dlerror: cudart64_110.dll not found" />
        <option value="2022-09-26 21:16:34.926451: I tensorflow/stream_executor/cuda/cudart_stub.cc:29] Ignore above cudart dlerror if you do not have a GPU set up on your machine." />
        <option value="$USER_HOME$/.cargo/bin/cargo.exe run" />
        <option value="Finished dev [unoptimized + debuginfo] target(s)" />
        <option value="Running `D:\Projects\IdeaProjects\RustTest" />
        <option value="tensorflow/stream_executor/platform/default/dso_loader.cc:64] Could not load dynamic library 'cudart64_110.dll'; dlerror: cudart64_110.dll not found" />
        <option value="tensorflow/stream_executor/cuda/cudart_stub.cc:29] Ignore above cudart dlerror if you do not have a GPU set up on your machine." />
      </list>
    </option>
  </component>
</application>