<application>
  <component name="ConsoleFoldingSettings">
    <option name="addedPositive">
      <list>
        <option value="&quot;C:\Program Files\JDK\jdk-17\bin\java.exe&quot; -Dgroovy.home=D:\Gradle\caches\modules-2\files-2.1\org.apache.groovy\groovy\4.0.2\56d3019114aea2658cb6bdbb1d9768feab9bccdd &quot;-javaagent:C:\Program Files\JetBrains\IntelliJ IDEA 2022.3.1\lib\idea_rt.jar=61057:C:\Program Files\JetBrains\IntelliJ IDEA 2022.3.1\bin&quot; -Dfile.encoding=UTF-8 -classpath D:\Gradle\caches\modules-2\files-2.1\org.apache.groovy\groovy\4.0.2\56d3019114aea2658cb6bdbb1d9768feab9bccdd\groovy-4.0.2.jar org.codehaus.groovy.tools.GroovyStarter --main groovy.ui.GroovyMain --classpath .;D:\Projects\IdeaProjects\demo3\build\classes\groovy\main;D:\Gradle\caches\modules-2\files-2.1\org.apache.groovy\groovy\4.0.2\56d3019114aea2658cb6bdbb1d9768feab9bccdd\groovy-4.0.2.jar --encoding=UTF-8" />
        <option value="2022-09-26 21:16:34.926296: W tensorflow/stream_executor/platform/default/dso_loader.cc:64] Could not load dynamic library 'cudart64_110.dll'; dlerror: cudart64_110.dll not found" />
        <option value="2022-09-26 21:16:34.926451: I tensorflow/stream_executor/cuda/cudart_stub.cc:29] Ignore above cudart dlerror if you do not have a GPU set up on your machine." />
        <option value="$USER_HOME$/.cargo/bin/cargo.exe run" />
        <option value="Finished dev [unoptimized + debuginfo] target(s)" />
        <option value="Running `D:\Projects\IdeaProjects\RustTest" />
        <option value="tensorflow/stream_executor/cuda/cudart_stub.cc:29] Ignore above cudart dlerror if you do not have a GPU set up on your machine." />
        <option value="tensorflow/stream_executor/platform/default/dso_loader.cc:64] Could not load dynamic library 'cudart64_110.dll'; dlerror: cudart64_110.dll not found" />
        <option value="org.codehaus.groovy.tools.GroovyStarter --main groovy.ui.GroovyMain" />
      </list>
    </option>
  </component>
</application>