<application>
  <component name="FileTypeManager" version="18">
    <ignoreFiles list="*.iml;*.pyc;*.pyo;*.rbc;*.yarb;*~;.DS_Store;.git;.gitattributes;.gitignore;.hg;.idea;.svn;CVS;LICENSE;__pycache__;_svn;vssver.scc;vssver2.scc" />
    <extensionMap>
      <mapping pattern="docker-compose" type="AUTO_DETECTED" />
      <mapping pattern="LISENCE" type="AUTO_DETECTED" />
      <mapping pattern="TechSelection" type="AUTO_DETECTED" />
      <mapping pattern="help" type="AUTO_DETECTED" />
      <mapping pattern="mysql-Dockerfile" type="AUTO_DETECTED" />
      <mapping ext="exe" type="C++" />
      <mapping ext="space.kts" type="Kotlin" />
      <mapping ext="gradle.kts" type="Kotlin" />
      <mapping ext="main.kts" type="Kotlin" />
      <mapping ext="lnk" type="Native" />
      <mapping pattern=".bash_history" type="PLAIN_TEXT" />
      <mapping pattern="IntelliJ IDEA Global Settings" type="PLAIN_TEXT" />
      <mapping ext="bak" type="PLAIN_TEXT" />
      <mapping ext="data" type="PLAIN_TEXT" />
      <mapping ext="dat" type="PLAIN_TEXT" />
      <mapping ext="template" type="PLAIN_TEXT" />
      <mapping ext="lombok" type="PLAIN_TEXT" />
      <mapping ext="factories" type="Properties" />
      <removed_mapping ext="apk" approved="true" type="ARCHIVE" />
      <removed_mapping ext="bat" approved="true" type="Batch" />
      <removed_mapping ext="cmd" approved="true" type="Cmd" />
      <removed_mapping ext="psd" approved="true" type="Image" />
      <removed_mapping ext="qrc" approved="true" type="XML" />
      <removed_mapping ext="rs" approved="true" type="Android RenderScript" />
      <mapping ext="exe" type="C++" />
    </extensionMap>
  </component>
</application>