<application>
  <component name="FileTypeManager" version="18">
    <extensionMap>
      <mapping ext="exe" type="C++" />
      <mapping ext="gradle.kts" type="Kotlin" />
      <mapping ext="main.kts" type="Kotlin" />
      <mapping ext="lnk" type="Native" />
      <mapping pattern="IntelliJ IDEA Global Settings" type="PLAIN_TEXT" />
      <removed_mapping ext="apk" approved="true" type="ARCHIVE" />
      <removed_mapping ext="bat" approved="true" type="Batch" />
      <removed_mapping ext="cmd" approved="true" type="Batch" />
      <removed_mapping ext="psd" approved="true" type="Image" />
    </extensionMap>
  </component>
</application>