<application>
  <component name="GiteeAccounts">
    <account name="KillerJmc" id="9ac7fce3-d671-4595-a0a2-8a9006a6c229">
      <Server host="gitee.com" clientid="fc439d90cb2ffc20cffeb70a6a4039e69847485e0fa56cfa0d1bf006098e24dd" clientsecret="386f187646ee361049f69cd213424bdba5af03e820d10a68a68e5fb520902596" />
    </account>
    <account name="2221874008@qq.com" id="42ed7cd5-5848-4643-89d1-d02b753432ab">
      <Server host="gitee.com" clientid="fc439d90cb2ffc20cffeb70a6a4039e69847485e0fa56cfa0d1bf006098e24dd" clientsecret="386f187646ee361049f69cd213424bdba5af03e820d10a68a68e5fb520902596" />
    </account>
  </component>
</application>