<application>
  <component name="ProjectJdkTable">
    <jdk version="2">
      <name value="8" />
      <type value="JavaSDK" />
      <version value="java version &quot;1.8.0_271&quot;" />
      <homePath value="D:/Programs/JDK/jdk-1.8.0" />
      <roots>
        <annotationsPath>
          <root type="composite">
            <root url="jar://$APPLICATION_HOME_DIR$/plugins/java/lib/jdkAnnotations.jar!/" type="simple" />
          </root>
        </annotationsPath>
        <classPath>
          <root type="composite">
            <root url="jar://D:/Programs/JDK/jdk-1.8.0/jre/lib/charsets.jar!/" type="simple" />
            <root url="jar://D:/Programs/JDK/jdk-1.8.0/jre/lib/deploy.jar!/" type="simple" />
            <root url="jar://D:/Programs/JDK/jdk-1.8.0/jre/lib/ext/access-bridge-64.jar!/" type="simple" />
            <root url="jar://D:/Programs/JDK/jdk-1.8.0/jre/lib/ext/cldrdata.jar!/" type="simple" />
            <root url="jar://D:/Programs/JDK/jdk-1.8.0/jre/lib/ext/dnsns.jar!/" type="simple" />
            <root url="jar://D:/Programs/JDK/jdk-1.8.0/jre/lib/ext/jaccess.jar!/" type="simple" />
            <root url="jar://D:/Programs/JDK/jdk-1.8.0/jre/lib/ext/jfxrt.jar!/" type="simple" />
            <root url="jar://D:/Programs/JDK/jdk-1.8.0/jre/lib/ext/localedata.jar!/" type="simple" />
            <root url="jar://D:/Programs/JDK/jdk-1.8.0/jre/lib/ext/nashorn.jar!/" type="simple" />
            <root url="jar://D:/Programs/JDK/jdk-1.8.0/jre/lib/ext/sunec.jar!/" type="simple" />
            <root url="jar://D:/Programs/JDK/jdk-1.8.0/jre/lib/ext/sunjce_provider.jar!/" type="simple" />
            <root url="jar://D:/Programs/JDK/jdk-1.8.0/jre/lib/ext/sunmscapi.jar!/" type="simple" />
            <root url="jar://D:/Programs/JDK/jdk-1.8.0/jre/lib/ext/sunpkcs11.jar!/" type="simple" />
            <root url="jar://D:/Programs/JDK/jdk-1.8.0/jre/lib/ext/zipfs.jar!/" type="simple" />
            <root url="jar://D:/Programs/JDK/jdk-1.8.0/jre/lib/javaws.jar!/" type="simple" />
            <root url="jar://D:/Programs/JDK/jdk-1.8.0/jre/lib/jce.jar!/" type="simple" />
            <root url="jar://D:/Programs/JDK/jdk-1.8.0/jre/lib/jfr.jar!/" type="simple" />
            <root url="jar://D:/Programs/JDK/jdk-1.8.0/jre/lib/jfxswt.jar!/" type="simple" />
            <root url="jar://D:/Programs/JDK/jdk-1.8.0/jre/lib/jsse.jar!/" type="simple" />
            <root url="jar://D:/Programs/JDK/jdk-1.8.0/jre/lib/management-agent.jar!/" type="simple" />
            <root url="jar://D:/Programs/JDK/jdk-1.8.0/jre/lib/plugin.jar!/" type="simple" />
            <root url="jar://D:/Programs/JDK/jdk-1.8.0/jre/lib/resources.jar!/" type="simple" />
            <root url="jar://D:/Programs/JDK/jdk-1.8.0/jre/lib/rt.jar!/" type="simple" />
          </root>
        </classPath>
        <javadocPath>
          <root type="composite" />
        </javadocPath>
        <sourcePath>
          <root type="composite">
            <root url="jar://D:/Programs/JDK/jdk-1.8.0/src.zip!/" type="simple" />
            <root url="jar://D:/Programs/JDK/jdk-1.8.0/javafx-src.zip!/" type="simple" />
          </root>
        </sourcePath>
      </roots>
      <additional />
    </jdk>
    <jdk version="2">
      <name value="16" />
      <type value="JavaSDK" />
      <version value="version 16" />
      <homePath value="D:\Programs\JDK\jdk-16" />
      <roots>
        <annotationsPath>
          <root type="composite">
            <root url="jar://$APPLICATION_HOME_DIR$/plugins/java/lib/jdkAnnotations.jar!/" type="simple" />
          </root>
        </annotationsPath>
        <classPath>
          <root type="composite">
            <root url="jrt://D:/Programs/JDK/jdk-16!/java.base" type="simple" />
            <root url="jrt://D:/Programs/JDK/jdk-16!/java.compiler" type="simple" />
            <root url="jrt://D:/Programs/JDK/jdk-16!/java.datatransfer" type="simple" />
            <root url="jrt://D:/Programs/JDK/jdk-16!/java.desktop" type="simple" />
            <root url="jrt://D:/Programs/JDK/jdk-16!/java.instrument" type="simple" />
            <root url="jrt://D:/Programs/JDK/jdk-16!/java.logging" type="simple" />
            <root url="jrt://D:/Programs/JDK/jdk-16!/java.management" type="simple" />
            <root url="jrt://D:/Programs/JDK/jdk-16!/java.management.rmi" type="simple" />
            <root url="jrt://D:/Programs/JDK/jdk-16!/java.naming" type="simple" />
            <root url="jrt://D:/Programs/JDK/jdk-16!/java.net.http" type="simple" />
            <root url="jrt://D:/Programs/JDK/jdk-16!/java.prefs" type="simple" />
            <root url="jrt://D:/Programs/JDK/jdk-16!/java.rmi" type="simple" />
            <root url="jrt://D:/Programs/JDK/jdk-16!/java.scripting" type="simple" />
            <root url="jrt://D:/Programs/JDK/jdk-16!/java.se" type="simple" />
            <root url="jrt://D:/Programs/JDK/jdk-16!/java.security.jgss" type="simple" />
            <root url="jrt://D:/Programs/JDK/jdk-16!/java.security.sasl" type="simple" />
            <root url="jrt://D:/Programs/JDK/jdk-16!/java.smartcardio" type="simple" />
            <root url="jrt://D:/Programs/JDK/jdk-16!/java.sql" type="simple" />
            <root url="jrt://D:/Programs/JDK/jdk-16!/java.sql.rowset" type="simple" />
            <root url="jrt://D:/Programs/JDK/jdk-16!/java.transaction.xa" type="simple" />
            <root url="jrt://D:/Programs/JDK/jdk-16!/java.xml" type="simple" />
            <root url="jrt://D:/Programs/JDK/jdk-16!/java.xml.crypto" type="simple" />
            <root url="jrt://D:/Programs/JDK/jdk-16!/jdk.accessibility" type="simple" />
            <root url="jrt://D:/Programs/JDK/jdk-16!/jdk.attach" type="simple" />
            <root url="jrt://D:/Programs/JDK/jdk-16!/jdk.charsets" type="simple" />
            <root url="jrt://D:/Programs/JDK/jdk-16!/jdk.compiler" type="simple" />
            <root url="jrt://D:/Programs/JDK/jdk-16!/jdk.crypto.cryptoki" type="simple" />
            <root url="jrt://D:/Programs/JDK/jdk-16!/jdk.crypto.ec" type="simple" />
            <root url="jrt://D:/Programs/JDK/jdk-16!/jdk.crypto.mscapi" type="simple" />
            <root url="jrt://D:/Programs/JDK/jdk-16!/jdk.dynalink" type="simple" />
            <root url="jrt://D:/Programs/JDK/jdk-16!/jdk.editpad" type="simple" />
            <root url="jrt://D:/Programs/JDK/jdk-16!/jdk.hotspot.agent" type="simple" />
            <root url="jrt://D:/Programs/JDK/jdk-16!/jdk.httpserver" type="simple" />
            <root url="jrt://D:/Programs/JDK/jdk-16!/jdk.incubator.foreign" type="simple" />
            <root url="jrt://D:/Programs/JDK/jdk-16!/jdk.incubator.vector" type="simple" />
            <root url="jrt://D:/Programs/JDK/jdk-16!/jdk.internal.ed" type="simple" />
            <root url="jrt://D:/Programs/JDK/jdk-16!/jdk.internal.jvmstat" type="simple" />
            <root url="jrt://D:/Programs/JDK/jdk-16!/jdk.internal.le" type="simple" />
            <root url="jrt://D:/Programs/JDK/jdk-16!/jdk.internal.opt" type="simple" />
            <root url="jrt://D:/Programs/JDK/jdk-16!/jdk.internal.vm.ci" type="simple" />
            <root url="jrt://D:/Programs/JDK/jdk-16!/jdk.jartool" type="simple" />
            <root url="jrt://D:/Programs/JDK/jdk-16!/jdk.javadoc" type="simple" />
            <root url="jrt://D:/Programs/JDK/jdk-16!/jdk.jcmd" type="simple" />
            <root url="jrt://D:/Programs/JDK/jdk-16!/jdk.jconsole" type="simple" />
            <root url="jrt://D:/Programs/JDK/jdk-16!/jdk.jdeps" type="simple" />
            <root url="jrt://D:/Programs/JDK/jdk-16!/jdk.jdi" type="simple" />
            <root url="jrt://D:/Programs/JDK/jdk-16!/jdk.jdwp.agent" type="simple" />
            <root url="jrt://D:/Programs/JDK/jdk-16!/jdk.jfr" type="simple" />
            <root url="jrt://D:/Programs/JDK/jdk-16!/jdk.jlink" type="simple" />
            <root url="jrt://D:/Programs/JDK/jdk-16!/jdk.jpackage" type="simple" />
            <root url="jrt://D:/Programs/JDK/jdk-16!/jdk.jshell" type="simple" />
            <root url="jrt://D:/Programs/JDK/jdk-16!/jdk.jsobject" type="simple" />
            <root url="jrt://D:/Programs/JDK/jdk-16!/jdk.jstatd" type="simple" />
            <root url="jrt://D:/Programs/JDK/jdk-16!/jdk.localedata" type="simple" />
            <root url="jrt://D:/Programs/JDK/jdk-16!/jdk.management" type="simple" />
            <root url="jrt://D:/Programs/JDK/jdk-16!/jdk.management.agent" type="simple" />
            <root url="jrt://D:/Programs/JDK/jdk-16!/jdk.management.jfr" type="simple" />
            <root url="jrt://D:/Programs/JDK/jdk-16!/jdk.naming.dns" type="simple" />
            <root url="jrt://D:/Programs/JDK/jdk-16!/jdk.naming.rmi" type="simple" />
            <root url="jrt://D:/Programs/JDK/jdk-16!/jdk.net" type="simple" />
            <root url="jrt://D:/Programs/JDK/jdk-16!/jdk.nio.mapmode" type="simple" />
            <root url="jrt://D:/Programs/JDK/jdk-16!/jdk.sctp" type="simple" />
            <root url="jrt://D:/Programs/JDK/jdk-16!/jdk.security.auth" type="simple" />
            <root url="jrt://D:/Programs/JDK/jdk-16!/jdk.security.jgss" type="simple" />
            <root url="jrt://D:/Programs/JDK/jdk-16!/jdk.unsupported" type="simple" />
            <root url="jrt://D:/Programs/JDK/jdk-16!/jdk.unsupported.desktop" type="simple" />
            <root url="jrt://D:/Programs/JDK/jdk-16!/jdk.xml.dom" type="simple" />
            <root url="jrt://D:/Programs/JDK/jdk-16!/jdk.zipfs" type="simple" />
          </root>
        </classPath>
        <javadocPath>
          <root type="composite" />
        </javadocPath>
        <sourcePath>
          <root type="composite">
            <root url="jar://D:/Programs/JDK/jdk-16/lib/src.zip!/java.se" type="simple" />
            <root url="jar://D:/Programs/JDK/jdk-16/lib/src.zip!/jdk.jdi" type="simple" />
            <root url="jar://D:/Programs/JDK/jdk-16/lib/src.zip!/jdk.jfr" type="simple" />
            <root url="jar://D:/Programs/JDK/jdk-16/lib/src.zip!/jdk.net" type="simple" />
            <root url="jar://D:/Programs/JDK/jdk-16/lib/src.zip!/java.rmi" type="simple" />
            <root url="jar://D:/Programs/JDK/jdk-16/lib/src.zip!/java.sql" type="simple" />
            <root url="jar://D:/Programs/JDK/jdk-16/lib/src.zip!/java.xml" type="simple" />
            <root url="jar://D:/Programs/JDK/jdk-16/lib/src.zip!/jdk.jcmd" type="simple" />
            <root url="jar://D:/Programs/JDK/jdk-16/lib/src.zip!/jdk.sctp" type="simple" />
            <root url="jar://D:/Programs/JDK/jdk-16/lib/src.zip!/java.base" type="simple" />
            <root url="jar://D:/Programs/JDK/jdk-16/lib/src.zip!/jdk.jdeps" type="simple" />
            <root url="jar://D:/Programs/JDK/jdk-16/lib/src.zip!/jdk.jlink" type="simple" />
            <root url="jar://D:/Programs/JDK/jdk-16/lib/src.zip!/jdk.zipfs" type="simple" />
            <root url="jar://D:/Programs/JDK/jdk-16/lib/src.zip!/java.prefs" type="simple" />
            <root url="jar://D:/Programs/JDK/jdk-16/lib/src.zip!/jdk.attach" type="simple" />
            <root url="jar://D:/Programs/JDK/jdk-16/lib/src.zip!/jdk.jshell" type="simple" />
            <root url="jar://D:/Programs/JDK/jdk-16/lib/src.zip!/jdk.jstatd" type="simple" />
            <root url="jar://D:/Programs/JDK/jdk-16/lib/src.zip!/java.naming" type="simple" />
            <root url="jar://D:/Programs/JDK/jdk-16/lib/src.zip!/jdk.editpad" type="simple" />
            <root url="jar://D:/Programs/JDK/jdk-16/lib/src.zip!/jdk.jartool" type="simple" />
            <root url="jar://D:/Programs/JDK/jdk-16/lib/src.zip!/jdk.javadoc" type="simple" />
            <root url="jar://D:/Programs/JDK/jdk-16/lib/src.zip!/jdk.xml.dom" type="simple" />
            <root url="jar://D:/Programs/JDK/jdk-16/lib/src.zip!/java.desktop" type="simple" />
            <root url="jar://D:/Programs/JDK/jdk-16/lib/src.zip!/java.logging" type="simple" />
            <root url="jar://D:/Programs/JDK/jdk-16/lib/src.zip!/jdk.charsets" type="simple" />
            <root url="jar://D:/Programs/JDK/jdk-16/lib/src.zip!/jdk.compiler" type="simple" />
            <root url="jar://D:/Programs/JDK/jdk-16/lib/src.zip!/jdk.dynalink" type="simple" />
            <root url="jar://D:/Programs/JDK/jdk-16/lib/src.zip!/jdk.jconsole" type="simple" />
            <root url="jar://D:/Programs/JDK/jdk-16/lib/src.zip!/jdk.jpackage" type="simple" />
            <root url="jar://D:/Programs/JDK/jdk-16/lib/src.zip!/jdk.jsobject" type="simple" />
            <root url="jar://D:/Programs/JDK/jdk-16/lib/src.zip!/java.compiler" type="simple" />
            <root url="jar://D:/Programs/JDK/jdk-16/lib/src.zip!/java.net.http" type="simple" />
            <root url="jar://D:/Programs/JDK/jdk-16/lib/src.zip!/jdk.crypto.ec" type="simple" />
            <root url="jar://D:/Programs/JDK/jdk-16/lib/src.zip!/java.scripting" type="simple" />
            <root url="jar://D:/Programs/JDK/jdk-16/lib/src.zip!/jdk.httpserver" type="simple" />
            <root url="jar://D:/Programs/JDK/jdk-16/lib/src.zip!/jdk.jdwp.agent" type="simple" />
            <root url="jar://D:/Programs/JDK/jdk-16/lib/src.zip!/jdk.localedata" type="simple" />
            <root url="jar://D:/Programs/JDK/jdk-16/lib/src.zip!/jdk.management" type="simple" />
            <root url="jar://D:/Programs/JDK/jdk-16/lib/src.zip!/jdk.naming.dns" type="simple" />
            <root url="jar://D:/Programs/JDK/jdk-16/lib/src.zip!/jdk.naming.rmi" type="simple" />
            <root url="jar://D:/Programs/JDK/jdk-16/lib/src.zip!/java.instrument" type="simple" />
            <root url="jar://D:/Programs/JDK/jdk-16/lib/src.zip!/java.management" type="simple" />
            <root url="jar://D:/Programs/JDK/jdk-16/lib/src.zip!/java.sql.rowset" type="simple" />
            <root url="jar://D:/Programs/JDK/jdk-16/lib/src.zip!/java.xml.crypto" type="simple" />
            <root url="jar://D:/Programs/JDK/jdk-16/lib/src.zip!/jdk.internal.ed" type="simple" />
            <root url="jar://D:/Programs/JDK/jdk-16/lib/src.zip!/jdk.internal.le" type="simple" />
            <root url="jar://D:/Programs/JDK/jdk-16/lib/src.zip!/jdk.nio.mapmode" type="simple" />
            <root url="jar://D:/Programs/JDK/jdk-16/lib/src.zip!/jdk.unsupported" type="simple" />
            <root url="jar://D:/Programs/JDK/jdk-16/lib/src.zip!/java.smartcardio" type="simple" />
            <root url="jar://D:/Programs/JDK/jdk-16/lib/src.zip!/jdk.internal.opt" type="simple" />
            <root url="jar://D:/Programs/JDK/jdk-16/lib/src.zip!/java.datatransfer" type="simple" />
            <root url="jar://D:/Programs/JDK/jdk-16/lib/src.zip!/jdk.accessibility" type="simple" />
            <root url="jar://D:/Programs/JDK/jdk-16/lib/src.zip!/jdk.crypto.mscapi" type="simple" />
            <root url="jar://D:/Programs/JDK/jdk-16/lib/src.zip!/jdk.hotspot.agent" type="simple" />
            <root url="jar://D:/Programs/JDK/jdk-16/lib/src.zip!/jdk.security.auth" type="simple" />
            <root url="jar://D:/Programs/JDK/jdk-16/lib/src.zip!/jdk.security.jgss" type="simple" />
            <root url="jar://D:/Programs/JDK/jdk-16/lib/src.zip!/java.security.jgss" type="simple" />
            <root url="jar://D:/Programs/JDK/jdk-16/lib/src.zip!/java.security.sasl" type="simple" />
            <root url="jar://D:/Programs/JDK/jdk-16/lib/src.zip!/jdk.internal.vm.ci" type="simple" />
            <root url="jar://D:/Programs/JDK/jdk-16/lib/src.zip!/jdk.management.jfr" type="simple" />
            <root url="jar://D:/Programs/JDK/jdk-16/lib/src.zip!/java.management.rmi" type="simple" />
            <root url="jar://D:/Programs/JDK/jdk-16/lib/src.zip!/java.transaction.xa" type="simple" />
            <root url="jar://D:/Programs/JDK/jdk-16/lib/src.zip!/jdk.crypto.cryptoki" type="simple" />
            <root url="jar://D:/Programs/JDK/jdk-16/lib/src.zip!/jdk.incubator.vector" type="simple" />
            <root url="jar://D:/Programs/JDK/jdk-16/lib/src.zip!/jdk.internal.jvmstat" type="simple" />
            <root url="jar://D:/Programs/JDK/jdk-16/lib/src.zip!/jdk.management.agent" type="simple" />
            <root url="jar://D:/Programs/JDK/jdk-16/lib/src.zip!/jdk.incubator.foreign" type="simple" />
            <root url="jar://D:/Programs/JDK/jdk-16/lib/src.zip!/jdk.unsupported.desktop" type="simple" />
          </root>
        </sourcePath>
      </roots>
      <additional />
    </jdk>
    <jdk version="2">
      <name value="17" />
      <type value="JavaSDK" />
      <version value="version 17" />
      <homePath value="D:/Programs/JDK/jdk-17" />
      <roots>
        <annotationsPath>
          <root type="composite">
            <root url="jar://$APPLICATION_HOME_DIR$/plugins/java/lib/jdkAnnotations.jar!/" type="simple" />
          </root>
        </annotationsPath>
        <classPath>
          <root type="composite">
            <root url="jrt://D:/Programs/JDK/jdk-17!/java.base" type="simple" />
            <root url="jrt://D:/Programs/JDK/jdk-17!/java.compiler" type="simple" />
            <root url="jrt://D:/Programs/JDK/jdk-17!/java.datatransfer" type="simple" />
            <root url="jrt://D:/Programs/JDK/jdk-17!/java.desktop" type="simple" />
            <root url="jrt://D:/Programs/JDK/jdk-17!/java.instrument" type="simple" />
            <root url="jrt://D:/Programs/JDK/jdk-17!/java.logging" type="simple" />
            <root url="jrt://D:/Programs/JDK/jdk-17!/java.management" type="simple" />
            <root url="jrt://D:/Programs/JDK/jdk-17!/java.management.rmi" type="simple" />
            <root url="jrt://D:/Programs/JDK/jdk-17!/java.naming" type="simple" />
            <root url="jrt://D:/Programs/JDK/jdk-17!/java.net.http" type="simple" />
            <root url="jrt://D:/Programs/JDK/jdk-17!/java.prefs" type="simple" />
            <root url="jrt://D:/Programs/JDK/jdk-17!/java.rmi" type="simple" />
            <root url="jrt://D:/Programs/JDK/jdk-17!/java.scripting" type="simple" />
            <root url="jrt://D:/Programs/JDK/jdk-17!/java.se" type="simple" />
            <root url="jrt://D:/Programs/JDK/jdk-17!/java.security.jgss" type="simple" />
            <root url="jrt://D:/Programs/JDK/jdk-17!/java.security.sasl" type="simple" />
            <root url="jrt://D:/Programs/JDK/jdk-17!/java.smartcardio" type="simple" />
            <root url="jrt://D:/Programs/JDK/jdk-17!/java.sql" type="simple" />
            <root url="jrt://D:/Programs/JDK/jdk-17!/java.sql.rowset" type="simple" />
            <root url="jrt://D:/Programs/JDK/jdk-17!/java.transaction.xa" type="simple" />
            <root url="jrt://D:/Programs/JDK/jdk-17!/java.xml" type="simple" />
            <root url="jrt://D:/Programs/JDK/jdk-17!/java.xml.crypto" type="simple" />
            <root url="jrt://D:/Programs/JDK/jdk-17!/jdk.accessibility" type="simple" />
            <root url="jrt://D:/Programs/JDK/jdk-17!/jdk.attach" type="simple" />
            <root url="jrt://D:/Programs/JDK/jdk-17!/jdk.charsets" type="simple" />
            <root url="jrt://D:/Programs/JDK/jdk-17!/jdk.compiler" type="simple" />
            <root url="jrt://D:/Programs/JDK/jdk-17!/jdk.crypto.cryptoki" type="simple" />
            <root url="jrt://D:/Programs/JDK/jdk-17!/jdk.crypto.ec" type="simple" />
            <root url="jrt://D:/Programs/JDK/jdk-17!/jdk.crypto.mscapi" type="simple" />
            <root url="jrt://D:/Programs/JDK/jdk-17!/jdk.dynalink" type="simple" />
            <root url="jrt://D:/Programs/JDK/jdk-17!/jdk.editpad" type="simple" />
            <root url="jrt://D:/Programs/JDK/jdk-17!/jdk.hotspot.agent" type="simple" />
            <root url="jrt://D:/Programs/JDK/jdk-17!/jdk.httpserver" type="simple" />
            <root url="jrt://D:/Programs/JDK/jdk-17!/jdk.incubator.foreign" type="simple" />
            <root url="jrt://D:/Programs/JDK/jdk-17!/jdk.incubator.vector" type="simple" />
            <root url="jrt://D:/Programs/JDK/jdk-17!/jdk.internal.ed" type="simple" />
            <root url="jrt://D:/Programs/JDK/jdk-17!/jdk.internal.jvmstat" type="simple" />
            <root url="jrt://D:/Programs/JDK/jdk-17!/jdk.internal.le" type="simple" />
            <root url="jrt://D:/Programs/JDK/jdk-17!/jdk.internal.opt" type="simple" />
            <root url="jrt://D:/Programs/JDK/jdk-17!/jdk.internal.vm.ci" type="simple" />
            <root url="jrt://D:/Programs/JDK/jdk-17!/jdk.internal.vm.compiler" type="simple" />
            <root url="jrt://D:/Programs/JDK/jdk-17!/jdk.internal.vm.compiler.management" type="simple" />
            <root url="jrt://D:/Programs/JDK/jdk-17!/jdk.jartool" type="simple" />
            <root url="jrt://D:/Programs/JDK/jdk-17!/jdk.javadoc" type="simple" />
            <root url="jrt://D:/Programs/JDK/jdk-17!/jdk.jcmd" type="simple" />
            <root url="jrt://D:/Programs/JDK/jdk-17!/jdk.jconsole" type="simple" />
            <root url="jrt://D:/Programs/JDK/jdk-17!/jdk.jdeps" type="simple" />
            <root url="jrt://D:/Programs/JDK/jdk-17!/jdk.jdi" type="simple" />
            <root url="jrt://D:/Programs/JDK/jdk-17!/jdk.jdwp.agent" type="simple" />
            <root url="jrt://D:/Programs/JDK/jdk-17!/jdk.jfr" type="simple" />
            <root url="jrt://D:/Programs/JDK/jdk-17!/jdk.jlink" type="simple" />
            <root url="jrt://D:/Programs/JDK/jdk-17!/jdk.jpackage" type="simple" />
            <root url="jrt://D:/Programs/JDK/jdk-17!/jdk.jshell" type="simple" />
            <root url="jrt://D:/Programs/JDK/jdk-17!/jdk.jsobject" type="simple" />
            <root url="jrt://D:/Programs/JDK/jdk-17!/jdk.jstatd" type="simple" />
            <root url="jrt://D:/Programs/JDK/jdk-17!/jdk.localedata" type="simple" />
            <root url="jrt://D:/Programs/JDK/jdk-17!/jdk.management" type="simple" />
            <root url="jrt://D:/Programs/JDK/jdk-17!/jdk.management.agent" type="simple" />
            <root url="jrt://D:/Programs/JDK/jdk-17!/jdk.management.jfr" type="simple" />
            <root url="jrt://D:/Programs/JDK/jdk-17!/jdk.naming.dns" type="simple" />
            <root url="jrt://D:/Programs/JDK/jdk-17!/jdk.naming.rmi" type="simple" />
            <root url="jrt://D:/Programs/JDK/jdk-17!/jdk.net" type="simple" />
            <root url="jrt://D:/Programs/JDK/jdk-17!/jdk.nio.mapmode" type="simple" />
            <root url="jrt://D:/Programs/JDK/jdk-17!/jdk.random" type="simple" />
            <root url="jrt://D:/Programs/JDK/jdk-17!/jdk.sctp" type="simple" />
            <root url="jrt://D:/Programs/JDK/jdk-17!/jdk.security.auth" type="simple" />
            <root url="jrt://D:/Programs/JDK/jdk-17!/jdk.security.jgss" type="simple" />
            <root url="jrt://D:/Programs/JDK/jdk-17!/jdk.unsupported" type="simple" />
            <root url="jrt://D:/Programs/JDK/jdk-17!/jdk.unsupported.desktop" type="simple" />
            <root url="jrt://D:/Programs/JDK/jdk-17!/jdk.xml.dom" type="simple" />
            <root url="jrt://D:/Programs/JDK/jdk-17!/jdk.zipfs" type="simple" />
          </root>
        </classPath>
        <javadocPath>
          <root type="composite" />
        </javadocPath>
        <sourcePath>
          <root type="composite">
            <root url="jar://D:/Programs/JDK/jdk-17/lib/src.zip!/java.se" type="simple" />
            <root url="jar://D:/Programs/JDK/jdk-17/lib/src.zip!/jdk.jdi" type="simple" />
            <root url="jar://D:/Programs/JDK/jdk-17/lib/src.zip!/jdk.jfr" type="simple" />
            <root url="jar://D:/Programs/JDK/jdk-17/lib/src.zip!/jdk.net" type="simple" />
            <root url="jar://D:/Programs/JDK/jdk-17/lib/src.zip!/java.rmi" type="simple" />
            <root url="jar://D:/Programs/JDK/jdk-17/lib/src.zip!/java.sql" type="simple" />
            <root url="jar://D:/Programs/JDK/jdk-17/lib/src.zip!/java.xml" type="simple" />
            <root url="jar://D:/Programs/JDK/jdk-17/lib/src.zip!/jdk.jcmd" type="simple" />
            <root url="jar://D:/Programs/JDK/jdk-17/lib/src.zip!/jdk.sctp" type="simple" />
            <root url="jar://D:/Programs/JDK/jdk-17/lib/src.zip!/java.base" type="simple" />
            <root url="jar://D:/Programs/JDK/jdk-17/lib/src.zip!/jdk.jdeps" type="simple" />
            <root url="jar://D:/Programs/JDK/jdk-17/lib/src.zip!/jdk.jlink" type="simple" />
            <root url="jar://D:/Programs/JDK/jdk-17/lib/src.zip!/jdk.zipfs" type="simple" />
            <root url="jar://D:/Programs/JDK/jdk-17/lib/src.zip!/java.prefs" type="simple" />
            <root url="jar://D:/Programs/JDK/jdk-17/lib/src.zip!/jdk.attach" type="simple" />
            <root url="jar://D:/Programs/JDK/jdk-17/lib/src.zip!/jdk.jshell" type="simple" />
            <root url="jar://D:/Programs/JDK/jdk-17/lib/src.zip!/jdk.jstatd" type="simple" />
            <root url="jar://D:/Programs/JDK/jdk-17/lib/src.zip!/jdk.random" type="simple" />
            <root url="jar://D:/Programs/JDK/jdk-17/lib/src.zip!/java.naming" type="simple" />
            <root url="jar://D:/Programs/JDK/jdk-17/lib/src.zip!/jdk.editpad" type="simple" />
            <root url="jar://D:/Programs/JDK/jdk-17/lib/src.zip!/jdk.jartool" type="simple" />
            <root url="jar://D:/Programs/JDK/jdk-17/lib/src.zip!/jdk.javadoc" type="simple" />
            <root url="jar://D:/Programs/JDK/jdk-17/lib/src.zip!/jdk.xml.dom" type="simple" />
            <root url="jar://D:/Programs/JDK/jdk-17/lib/src.zip!/java.desktop" type="simple" />
            <root url="jar://D:/Programs/JDK/jdk-17/lib/src.zip!/java.logging" type="simple" />
            <root url="jar://D:/Programs/JDK/jdk-17/lib/src.zip!/jdk.charsets" type="simple" />
            <root url="jar://D:/Programs/JDK/jdk-17/lib/src.zip!/jdk.compiler" type="simple" />
            <root url="jar://D:/Programs/JDK/jdk-17/lib/src.zip!/jdk.dynalink" type="simple" />
            <root url="jar://D:/Programs/JDK/jdk-17/lib/src.zip!/jdk.jconsole" type="simple" />
            <root url="jar://D:/Programs/JDK/jdk-17/lib/src.zip!/jdk.jpackage" type="simple" />
            <root url="jar://D:/Programs/JDK/jdk-17/lib/src.zip!/jdk.jsobject" type="simple" />
            <root url="jar://D:/Programs/JDK/jdk-17/lib/src.zip!/java.compiler" type="simple" />
            <root url="jar://D:/Programs/JDK/jdk-17/lib/src.zip!/java.net.http" type="simple" />
            <root url="jar://D:/Programs/JDK/jdk-17/lib/src.zip!/jdk.crypto.ec" type="simple" />
            <root url="jar://D:/Programs/JDK/jdk-17/lib/src.zip!/java.scripting" type="simple" />
            <root url="jar://D:/Programs/JDK/jdk-17/lib/src.zip!/jdk.httpserver" type="simple" />
            <root url="jar://D:/Programs/JDK/jdk-17/lib/src.zip!/jdk.jdwp.agent" type="simple" />
            <root url="jar://D:/Programs/JDK/jdk-17/lib/src.zip!/jdk.localedata" type="simple" />
            <root url="jar://D:/Programs/JDK/jdk-17/lib/src.zip!/jdk.management" type="simple" />
            <root url="jar://D:/Programs/JDK/jdk-17/lib/src.zip!/jdk.naming.dns" type="simple" />
            <root url="jar://D:/Programs/JDK/jdk-17/lib/src.zip!/jdk.naming.rmi" type="simple" />
            <root url="jar://D:/Programs/JDK/jdk-17/lib/src.zip!/java.instrument" type="simple" />
            <root url="jar://D:/Programs/JDK/jdk-17/lib/src.zip!/java.management" type="simple" />
            <root url="jar://D:/Programs/JDK/jdk-17/lib/src.zip!/java.sql.rowset" type="simple" />
            <root url="jar://D:/Programs/JDK/jdk-17/lib/src.zip!/java.xml.crypto" type="simple" />
            <root url="jar://D:/Programs/JDK/jdk-17/lib/src.zip!/jdk.internal.ed" type="simple" />
            <root url="jar://D:/Programs/JDK/jdk-17/lib/src.zip!/jdk.internal.le" type="simple" />
            <root url="jar://D:/Programs/JDK/jdk-17/lib/src.zip!/jdk.nio.mapmode" type="simple" />
            <root url="jar://D:/Programs/JDK/jdk-17/lib/src.zip!/jdk.unsupported" type="simple" />
            <root url="jar://D:/Programs/JDK/jdk-17/lib/src.zip!/java.smartcardio" type="simple" />
            <root url="jar://D:/Programs/JDK/jdk-17/lib/src.zip!/jdk.internal.opt" type="simple" />
            <root url="jar://D:/Programs/JDK/jdk-17/lib/src.zip!/java.datatransfer" type="simple" />
            <root url="jar://D:/Programs/JDK/jdk-17/lib/src.zip!/jdk.accessibility" type="simple" />
            <root url="jar://D:/Programs/JDK/jdk-17/lib/src.zip!/jdk.crypto.mscapi" type="simple" />
            <root url="jar://D:/Programs/JDK/jdk-17/lib/src.zip!/jdk.hotspot.agent" type="simple" />
            <root url="jar://D:/Programs/JDK/jdk-17/lib/src.zip!/jdk.security.auth" type="simple" />
            <root url="jar://D:/Programs/JDK/jdk-17/lib/src.zip!/jdk.security.jgss" type="simple" />
            <root url="jar://D:/Programs/JDK/jdk-17/lib/src.zip!/java.security.jgss" type="simple" />
            <root url="jar://D:/Programs/JDK/jdk-17/lib/src.zip!/java.security.sasl" type="simple" />
            <root url="jar://D:/Programs/JDK/jdk-17/lib/src.zip!/jdk.internal.vm.ci" type="simple" />
            <root url="jar://D:/Programs/JDK/jdk-17/lib/src.zip!/jdk.management.jfr" type="simple" />
            <root url="jar://D:/Programs/JDK/jdk-17/lib/src.zip!/java.management.rmi" type="simple" />
            <root url="jar://D:/Programs/JDK/jdk-17/lib/src.zip!/java.transaction.xa" type="simple" />
            <root url="jar://D:/Programs/JDK/jdk-17/lib/src.zip!/jdk.crypto.cryptoki" type="simple" />
            <root url="jar://D:/Programs/JDK/jdk-17/lib/src.zip!/jdk.incubator.vector" type="simple" />
            <root url="jar://D:/Programs/JDK/jdk-17/lib/src.zip!/jdk.internal.jvmstat" type="simple" />
            <root url="jar://D:/Programs/JDK/jdk-17/lib/src.zip!/jdk.management.agent" type="simple" />
            <root url="jar://D:/Programs/JDK/jdk-17/lib/src.zip!/jdk.incubator.foreign" type="simple" />
            <root url="jar://D:/Programs/JDK/jdk-17/lib/src.zip!/jdk.unsupported.desktop" type="simple" />
            <root url="jar://D:/Programs/JDK/jdk-17/lib/src.zip!/jdk.internal.vm.compiler" type="simple" />
            <root url="jar://D:/Programs/JDK/jdk-17/lib/src.zip!/jdk.internal.vm.compiler.management" type="simple" />
          </root>
        </sourcePath>
      </roots>
      <additional />
    </jdk>
    <jdk version="2">
      <name value="6" />
      <type value="JavaSDK" />
      <version value="version 1.6.0_45" />
      <homePath value="D:/Programs/JDK/jdk-1.6.0" />
      <roots>
        <annotationsPath>
          <root type="composite">
            <root url="jar://$APPLICATION_HOME_DIR$/plugins/java/lib/jdkAnnotations.jar!/" type="simple" />
          </root>
        </annotationsPath>
        <classPath>
          <root type="composite">
            <root url="jar://D:/Programs/JDK/jdk-1.6.0/jre/lib/charsets.jar!/" type="simple" />
            <root url="jar://D:/Programs/JDK/jdk-1.6.0/jre/lib/deploy.jar!/" type="simple" />
            <root url="jar://D:/Programs/JDK/jdk-1.6.0/jre/lib/ext/dnsns.jar!/" type="simple" />
            <root url="jar://D:/Programs/JDK/jdk-1.6.0/jre/lib/ext/localedata.jar!/" type="simple" />
            <root url="jar://D:/Programs/JDK/jdk-1.6.0/jre/lib/ext/sunjce_provider.jar!/" type="simple" />
            <root url="jar://D:/Programs/JDK/jdk-1.6.0/jre/lib/ext/sunmscapi.jar!/" type="simple" />
            <root url="jar://D:/Programs/JDK/jdk-1.6.0/jre/lib/javaws.jar!/" type="simple" />
            <root url="jar://D:/Programs/JDK/jdk-1.6.0/jre/lib/jce.jar!/" type="simple" />
            <root url="jar://D:/Programs/JDK/jdk-1.6.0/jre/lib/jsse.jar!/" type="simple" />
            <root url="jar://D:/Programs/JDK/jdk-1.6.0/jre/lib/management-agent.jar!/" type="simple" />
            <root url="jar://D:/Programs/JDK/jdk-1.6.0/jre/lib/plugin.jar!/" type="simple" />
            <root url="jar://D:/Programs/JDK/jdk-1.6.0/jre/lib/resources.jar!/" type="simple" />
            <root url="jar://D:/Programs/JDK/jdk-1.6.0/jre/lib/rt.jar!/" type="simple" />
          </root>
        </classPath>
        <javadocPath>
          <root type="composite">
            <root url="https://docs.oracle.com/javase/6/docs/api/" type="simple" />
          </root>
        </javadocPath>
        <sourcePath>
          <root type="composite" />
        </sourcePath>
      </roots>
      <additional />
    </jdk>
    <jdk version="2">
      <name value="10" />
      <type value="JavaSDK" />
      <version value="version 10.0.1" />
      <homePath value="D:/Programs/JDK/jdk-10.0.1" />
      <roots>
        <annotationsPath>
          <root type="composite">
            <root url="jar://$APPLICATION_HOME_DIR$/plugins/java/lib/jdkAnnotations.jar!/" type="simple" />
          </root>
        </annotationsPath>
        <classPath>
          <root type="composite">
            <root url="jrt://D:/Programs/JDK/jdk-10.0.1!/java.activation" type="simple" />
            <root url="jrt://D:/Programs/JDK/jdk-10.0.1!/java.base" type="simple" />
            <root url="jrt://D:/Programs/JDK/jdk-10.0.1!/java.compiler" type="simple" />
            <root url="jrt://D:/Programs/JDK/jdk-10.0.1!/java.corba" type="simple" />
            <root url="jrt://D:/Programs/JDK/jdk-10.0.1!/java.datatransfer" type="simple" />
            <root url="jrt://D:/Programs/JDK/jdk-10.0.1!/java.desktop" type="simple" />
            <root url="jrt://D:/Programs/JDK/jdk-10.0.1!/java.instrument" type="simple" />
            <root url="jrt://D:/Programs/JDK/jdk-10.0.1!/java.jnlp" type="simple" />
            <root url="jrt://D:/Programs/JDK/jdk-10.0.1!/java.logging" type="simple" />
            <root url="jrt://D:/Programs/JDK/jdk-10.0.1!/java.management" type="simple" />
            <root url="jrt://D:/Programs/JDK/jdk-10.0.1!/java.management.rmi" type="simple" />
            <root url="jrt://D:/Programs/JDK/jdk-10.0.1!/java.naming" type="simple" />
            <root url="jrt://D:/Programs/JDK/jdk-10.0.1!/java.prefs" type="simple" />
            <root url="jrt://D:/Programs/JDK/jdk-10.0.1!/java.rmi" type="simple" />
            <root url="jrt://D:/Programs/JDK/jdk-10.0.1!/java.scripting" type="simple" />
            <root url="jrt://D:/Programs/JDK/jdk-10.0.1!/java.se" type="simple" />
            <root url="jrt://D:/Programs/JDK/jdk-10.0.1!/java.se.ee" type="simple" />
            <root url="jrt://D:/Programs/JDK/jdk-10.0.1!/java.security.jgss" type="simple" />
            <root url="jrt://D:/Programs/JDK/jdk-10.0.1!/java.security.sasl" type="simple" />
            <root url="jrt://D:/Programs/JDK/jdk-10.0.1!/java.smartcardio" type="simple" />
            <root url="jrt://D:/Programs/JDK/jdk-10.0.1!/java.sql" type="simple" />
            <root url="jrt://D:/Programs/JDK/jdk-10.0.1!/java.sql.rowset" type="simple" />
            <root url="jrt://D:/Programs/JDK/jdk-10.0.1!/java.transaction" type="simple" />
            <root url="jrt://D:/Programs/JDK/jdk-10.0.1!/java.xml" type="simple" />
            <root url="jrt://D:/Programs/JDK/jdk-10.0.1!/java.xml.bind" type="simple" />
            <root url="jrt://D:/Programs/JDK/jdk-10.0.1!/java.xml.crypto" type="simple" />
            <root url="jrt://D:/Programs/JDK/jdk-10.0.1!/java.xml.ws" type="simple" />
            <root url="jrt://D:/Programs/JDK/jdk-10.0.1!/java.xml.ws.annotation" type="simple" />
            <root url="jrt://D:/Programs/JDK/jdk-10.0.1!/javafx.base" type="simple" />
            <root url="jrt://D:/Programs/JDK/jdk-10.0.1!/javafx.controls" type="simple" />
            <root url="jrt://D:/Programs/JDK/jdk-10.0.1!/javafx.deploy" type="simple" />
            <root url="jrt://D:/Programs/JDK/jdk-10.0.1!/javafx.fxml" type="simple" />
            <root url="jrt://D:/Programs/JDK/jdk-10.0.1!/javafx.graphics" type="simple" />
            <root url="jrt://D:/Programs/JDK/jdk-10.0.1!/javafx.media" type="simple" />
            <root url="jrt://D:/Programs/JDK/jdk-10.0.1!/javafx.swing" type="simple" />
            <root url="jrt://D:/Programs/JDK/jdk-10.0.1!/javafx.web" type="simple" />
            <root url="jrt://D:/Programs/JDK/jdk-10.0.1!/jdk.accessibility" type="simple" />
            <root url="jrt://D:/Programs/JDK/jdk-10.0.1!/jdk.aot" type="simple" />
            <root url="jrt://D:/Programs/JDK/jdk-10.0.1!/jdk.attach" type="simple" />
            <root url="jrt://D:/Programs/JDK/jdk-10.0.1!/jdk.charsets" type="simple" />
            <root url="jrt://D:/Programs/JDK/jdk-10.0.1!/jdk.compiler" type="simple" />
            <root url="jrt://D:/Programs/JDK/jdk-10.0.1!/jdk.crypto.cryptoki" type="simple" />
            <root url="jrt://D:/Programs/JDK/jdk-10.0.1!/jdk.crypto.ec" type="simple" />
            <root url="jrt://D:/Programs/JDK/jdk-10.0.1!/jdk.crypto.mscapi" type="simple" />
            <root url="jrt://D:/Programs/JDK/jdk-10.0.1!/jdk.deploy" type="simple" />
            <root url="jrt://D:/Programs/JDK/jdk-10.0.1!/jdk.deploy.controlpanel" type="simple" />
            <root url="jrt://D:/Programs/JDK/jdk-10.0.1!/jdk.dynalink" type="simple" />
            <root url="jrt://D:/Programs/JDK/jdk-10.0.1!/jdk.editpad" type="simple" />
            <root url="jrt://D:/Programs/JDK/jdk-10.0.1!/jdk.hotspot.agent" type="simple" />
            <root url="jrt://D:/Programs/JDK/jdk-10.0.1!/jdk.httpserver" type="simple" />
            <root url="jrt://D:/Programs/JDK/jdk-10.0.1!/jdk.incubator.httpclient" type="simple" />
            <root url="jrt://D:/Programs/JDK/jdk-10.0.1!/jdk.internal.ed" type="simple" />
            <root url="jrt://D:/Programs/JDK/jdk-10.0.1!/jdk.internal.jvmstat" type="simple" />
            <root url="jrt://D:/Programs/JDK/jdk-10.0.1!/jdk.internal.le" type="simple" />
            <root url="jrt://D:/Programs/JDK/jdk-10.0.1!/jdk.internal.opt" type="simple" />
            <root url="jrt://D:/Programs/JDK/jdk-10.0.1!/jdk.internal.vm.ci" type="simple" />
            <root url="jrt://D:/Programs/JDK/jdk-10.0.1!/jdk.internal.vm.compiler" type="simple" />
            <root url="jrt://D:/Programs/JDK/jdk-10.0.1!/jdk.internal.vm.compiler.management" type="simple" />
            <root url="jrt://D:/Programs/JDK/jdk-10.0.1!/jdk.jartool" type="simple" />
            <root url="jrt://D:/Programs/JDK/jdk-10.0.1!/jdk.javadoc" type="simple" />
            <root url="jrt://D:/Programs/JDK/jdk-10.0.1!/jdk.javaws" type="simple" />
            <root url="jrt://D:/Programs/JDK/jdk-10.0.1!/jdk.jcmd" type="simple" />
            <root url="jrt://D:/Programs/JDK/jdk-10.0.1!/jdk.jconsole" type="simple" />
            <root url="jrt://D:/Programs/JDK/jdk-10.0.1!/jdk.jdeps" type="simple" />
            <root url="jrt://D:/Programs/JDK/jdk-10.0.1!/jdk.jdi" type="simple" />
            <root url="jrt://D:/Programs/JDK/jdk-10.0.1!/jdk.jdwp.agent" type="simple" />
            <root url="jrt://D:/Programs/JDK/jdk-10.0.1!/jdk.jfr" type="simple" />
            <root url="jrt://D:/Programs/JDK/jdk-10.0.1!/jdk.jlink" type="simple" />
            <root url="jrt://D:/Programs/JDK/jdk-10.0.1!/jdk.jshell" type="simple" />
            <root url="jrt://D:/Programs/JDK/jdk-10.0.1!/jdk.jsobject" type="simple" />
            <root url="jrt://D:/Programs/JDK/jdk-10.0.1!/jdk.jstatd" type="simple" />
            <root url="jrt://D:/Programs/JDK/jdk-10.0.1!/jdk.localedata" type="simple" />
            <root url="jrt://D:/Programs/JDK/jdk-10.0.1!/jdk.management" type="simple" />
            <root url="jrt://D:/Programs/JDK/jdk-10.0.1!/jdk.management.agent" type="simple" />
            <root url="jrt://D:/Programs/JDK/jdk-10.0.1!/jdk.management.cmm" type="simple" />
            <root url="jrt://D:/Programs/JDK/jdk-10.0.1!/jdk.management.jfr" type="simple" />
            <root url="jrt://D:/Programs/JDK/jdk-10.0.1!/jdk.management.resource" type="simple" />
            <root url="jrt://D:/Programs/JDK/jdk-10.0.1!/jdk.naming.dns" type="simple" />
            <root url="jrt://D:/Programs/JDK/jdk-10.0.1!/jdk.naming.rmi" type="simple" />
            <root url="jrt://D:/Programs/JDK/jdk-10.0.1!/jdk.net" type="simple" />
            <root url="jrt://D:/Programs/JDK/jdk-10.0.1!/jdk.pack" type="simple" />
            <root url="jrt://D:/Programs/JDK/jdk-10.0.1!/jdk.packager" type="simple" />
            <root url="jrt://D:/Programs/JDK/jdk-10.0.1!/jdk.packager.services" type="simple" />
            <root url="jrt://D:/Programs/JDK/jdk-10.0.1!/jdk.plugin" type="simple" />
            <root url="jrt://D:/Programs/JDK/jdk-10.0.1!/jdk.plugin.server" type="simple" />
            <root url="jrt://D:/Programs/JDK/jdk-10.0.1!/jdk.rmic" type="simple" />
            <root url="jrt://D:/Programs/JDK/jdk-10.0.1!/jdk.scripting.nashorn" type="simple" />
            <root url="jrt://D:/Programs/JDK/jdk-10.0.1!/jdk.scripting.nashorn.shell" type="simple" />
            <root url="jrt://D:/Programs/JDK/jdk-10.0.1!/jdk.sctp" type="simple" />
            <root url="jrt://D:/Programs/JDK/jdk-10.0.1!/jdk.security.auth" type="simple" />
            <root url="jrt://D:/Programs/JDK/jdk-10.0.1!/jdk.security.jgss" type="simple" />
            <root url="jrt://D:/Programs/JDK/jdk-10.0.1!/jdk.snmp" type="simple" />
            <root url="jrt://D:/Programs/JDK/jdk-10.0.1!/jdk.unsupported" type="simple" />
            <root url="jrt://D:/Programs/JDK/jdk-10.0.1!/jdk.xml.bind" type="simple" />
            <root url="jrt://D:/Programs/JDK/jdk-10.0.1!/jdk.xml.dom" type="simple" />
            <root url="jrt://D:/Programs/JDK/jdk-10.0.1!/jdk.xml.ws" type="simple" />
            <root url="jrt://D:/Programs/JDK/jdk-10.0.1!/jdk.zipfs" type="simple" />
            <root url="jrt://D:/Programs/JDK/jdk-10.0.1!/oracle.desktop" type="simple" />
            <root url="jrt://D:/Programs/JDK/jdk-10.0.1!/oracle.net" type="simple" />
          </root>
        </classPath>
        <javadocPath>
          <root type="composite" />
        </javadocPath>
        <sourcePath>
          <root type="composite">
            <root url="jar://D:/Programs/JDK/jdk-10.0.1/lib/src.zip!/java.se" type="simple" />
            <root url="jar://D:/Programs/JDK/jdk-10.0.1/lib/src.zip!/jdk.aot" type="simple" />
            <root url="jar://D:/Programs/JDK/jdk-10.0.1/lib/src.zip!/jdk.jdi" type="simple" />
            <root url="jar://D:/Programs/JDK/jdk-10.0.1/lib/src.zip!/jdk.net" type="simple" />
            <root url="jar://D:/Programs/JDK/jdk-10.0.1/lib/src.zip!/java.rmi" type="simple" />
            <root url="jar://D:/Programs/JDK/jdk-10.0.1/lib/src.zip!/java.sql" type="simple" />
            <root url="jar://D:/Programs/JDK/jdk-10.0.1/lib/src.zip!/java.xml" type="simple" />
            <root url="jar://D:/Programs/JDK/jdk-10.0.1/lib/src.zip!/jdk.jcmd" type="simple" />
            <root url="jar://D:/Programs/JDK/jdk-10.0.1/lib/src.zip!/jdk.pack" type="simple" />
            <root url="jar://D:/Programs/JDK/jdk-10.0.1/lib/src.zip!/jdk.rmic" type="simple" />
            <root url="jar://D:/Programs/JDK/jdk-10.0.1/lib/src.zip!/jdk.sctp" type="simple" />
            <root url="jar://D:/Programs/JDK/jdk-10.0.1/lib/src.zip!/java.base" type="simple" />
            <root url="jar://D:/Programs/JDK/jdk-10.0.1/lib/src.zip!/jdk.jdeps" type="simple" />
            <root url="jar://D:/Programs/JDK/jdk-10.0.1/lib/src.zip!/jdk.jlink" type="simple" />
            <root url="jar://D:/Programs/JDK/jdk-10.0.1/lib/src.zip!/jdk.zipfs" type="simple" />
            <root url="jar://D:/Programs/JDK/jdk-10.0.1/lib/src.zip!/java.corba" type="simple" />
            <root url="jar://D:/Programs/JDK/jdk-10.0.1/lib/src.zip!/java.prefs" type="simple" />
            <root url="jar://D:/Programs/JDK/jdk-10.0.1/lib/src.zip!/java.se.ee" type="simple" />
            <root url="jar://D:/Programs/JDK/jdk-10.0.1/lib/src.zip!/javafx.web" type="simple" />
            <root url="jar://D:/Programs/JDK/jdk-10.0.1/lib/src.zip!/jdk.attach" type="simple" />
            <root url="jar://D:/Programs/JDK/jdk-10.0.1/lib/src.zip!/jdk.jshell" type="simple" />
            <root url="jar://D:/Programs/JDK/jdk-10.0.1/lib/src.zip!/jdk.jstatd" type="simple" />
            <root url="jar://D:/Programs/JDK/jdk-10.0.1/lib/src.zip!/jdk.xml.ws" type="simple" />
            <root url="jar://D:/Programs/JDK/jdk-10.0.1/lib/src.zip!/java.naming" type="simple" />
            <root url="jar://D:/Programs/JDK/jdk-10.0.1/lib/src.zip!/java.xml.ws" type="simple" />
            <root url="jar://D:/Programs/JDK/jdk-10.0.1/lib/src.zip!/javafx.base" type="simple" />
            <root url="jar://D:/Programs/JDK/jdk-10.0.1/lib/src.zip!/javafx.fxml" type="simple" />
            <root url="jar://D:/Programs/JDK/jdk-10.0.1/lib/src.zip!/jdk.editpad" type="simple" />
            <root url="jar://D:/Programs/JDK/jdk-10.0.1/lib/src.zip!/jdk.jartool" type="simple" />
            <root url="jar://D:/Programs/JDK/jdk-10.0.1/lib/src.zip!/jdk.javadoc" type="simple" />
            <root url="jar://D:/Programs/JDK/jdk-10.0.1/lib/src.zip!/jdk.xml.dom" type="simple" />
            <root url="jar://D:/Programs/JDK/jdk-10.0.1/lib/src.zip!/java.desktop" type="simple" />
            <root url="jar://D:/Programs/JDK/jdk-10.0.1/lib/src.zip!/java.logging" type="simple" />
            <root url="jar://D:/Programs/JDK/jdk-10.0.1/lib/src.zip!/javafx.media" type="simple" />
            <root url="jar://D:/Programs/JDK/jdk-10.0.1/lib/src.zip!/javafx.swing" type="simple" />
            <root url="jar://D:/Programs/JDK/jdk-10.0.1/lib/src.zip!/jdk.charsets" type="simple" />
            <root url="jar://D:/Programs/JDK/jdk-10.0.1/lib/src.zip!/jdk.compiler" type="simple" />
            <root url="jar://D:/Programs/JDK/jdk-10.0.1/lib/src.zip!/jdk.dynalink" type="simple" />
            <root url="jar://D:/Programs/JDK/jdk-10.0.1/lib/src.zip!/jdk.jconsole" type="simple" />
            <root url="jar://D:/Programs/JDK/jdk-10.0.1/lib/src.zip!/jdk.jsobject" type="simple" />
            <root url="jar://D:/Programs/JDK/jdk-10.0.1/lib/src.zip!/jdk.packager" type="simple" />
            <root url="jar://D:/Programs/JDK/jdk-10.0.1/lib/src.zip!/jdk.xml.bind" type="simple" />
            <root url="jar://D:/Programs/JDK/jdk-10.0.1/lib/src.zip!/java.compiler" type="simple" />
            <root url="jar://D:/Programs/JDK/jdk-10.0.1/lib/src.zip!/java.xml.bind" type="simple" />
            <root url="jar://D:/Programs/JDK/jdk-10.0.1/lib/src.zip!/jdk.crypto.ec" type="simple" />
            <root url="jar://D:/Programs/JDK/jdk-10.0.1/lib/src.zip!/java.scripting" type="simple" />
            <root url="jar://D:/Programs/JDK/jdk-10.0.1/lib/src.zip!/jdk.httpserver" type="simple" />
            <root url="jar://D:/Programs/JDK/jdk-10.0.1/lib/src.zip!/jdk.jdwp.agent" type="simple" />
            <root url="jar://D:/Programs/JDK/jdk-10.0.1/lib/src.zip!/jdk.localedata" type="simple" />
            <root url="jar://D:/Programs/JDK/jdk-10.0.1/lib/src.zip!/jdk.management" type="simple" />
            <root url="jar://D:/Programs/JDK/jdk-10.0.1/lib/src.zip!/jdk.naming.dns" type="simple" />
            <root url="jar://D:/Programs/JDK/jdk-10.0.1/lib/src.zip!/jdk.naming.rmi" type="simple" />
            <root url="jar://D:/Programs/JDK/jdk-10.0.1/lib/src.zip!/java.activation" type="simple" />
            <root url="jar://D:/Programs/JDK/jdk-10.0.1/lib/src.zip!/java.instrument" type="simple" />
            <root url="jar://D:/Programs/JDK/jdk-10.0.1/lib/src.zip!/java.management" type="simple" />
            <root url="jar://D:/Programs/JDK/jdk-10.0.1/lib/src.zip!/java.sql.rowset" type="simple" />
            <root url="jar://D:/Programs/JDK/jdk-10.0.1/lib/src.zip!/java.xml.crypto" type="simple" />
            <root url="jar://D:/Programs/JDK/jdk-10.0.1/lib/src.zip!/javafx.controls" type="simple" />
            <root url="jar://D:/Programs/JDK/jdk-10.0.1/lib/src.zip!/javafx.graphics" type="simple" />
            <root url="jar://D:/Programs/JDK/jdk-10.0.1/lib/src.zip!/jdk.internal.ed" type="simple" />
            <root url="jar://D:/Programs/JDK/jdk-10.0.1/lib/src.zip!/jdk.internal.le" type="simple" />
            <root url="jar://D:/Programs/JDK/jdk-10.0.1/lib/src.zip!/jdk.unsupported" type="simple" />
            <root url="jar://D:/Programs/JDK/jdk-10.0.1/lib/src.zip!/java.smartcardio" type="simple" />
            <root url="jar://D:/Programs/JDK/jdk-10.0.1/lib/src.zip!/java.transaction" type="simple" />
            <root url="jar://D:/Programs/JDK/jdk-10.0.1/lib/src.zip!/jdk.internal.opt" type="simple" />
            <root url="jar://D:/Programs/JDK/jdk-10.0.1/lib/src.zip!/java.datatransfer" type="simple" />
            <root url="jar://D:/Programs/JDK/jdk-10.0.1/lib/src.zip!/jdk.accessibility" type="simple" />
            <root url="jar://D:/Programs/JDK/jdk-10.0.1/lib/src.zip!/jdk.crypto.mscapi" type="simple" />
            <root url="jar://D:/Programs/JDK/jdk-10.0.1/lib/src.zip!/jdk.hotspot.agent" type="simple" />
            <root url="jar://D:/Programs/JDK/jdk-10.0.1/lib/src.zip!/jdk.security.auth" type="simple" />
            <root url="jar://D:/Programs/JDK/jdk-10.0.1/lib/src.zip!/jdk.security.jgss" type="simple" />
            <root url="jar://D:/Programs/JDK/jdk-10.0.1/lib/src.zip!/java.security.jgss" type="simple" />
            <root url="jar://D:/Programs/JDK/jdk-10.0.1/lib/src.zip!/java.security.sasl" type="simple" />
            <root url="jar://D:/Programs/JDK/jdk-10.0.1/lib/src.zip!/jdk.internal.vm.ci" type="simple" />
            <root url="jar://D:/Programs/JDK/jdk-10.0.1/lib/src.zip!/java.management.rmi" type="simple" />
            <root url="jar://D:/Programs/JDK/jdk-10.0.1/lib/src.zip!/jdk.crypto.cryptoki" type="simple" />
            <root url="jar://D:/Programs/JDK/jdk-10.0.1/lib/src.zip!/jdk.internal.jvmstat" type="simple" />
            <root url="jar://D:/Programs/JDK/jdk-10.0.1/lib/src.zip!/jdk.management.agent" type="simple" />
            <root url="jar://D:/Programs/JDK/jdk-10.0.1/lib/src.zip!/jdk.packager.services" type="simple" />
            <root url="jar://D:/Programs/JDK/jdk-10.0.1/lib/src.zip!/jdk.scripting.nashorn" type="simple" />
            <root url="jar://D:/Programs/JDK/jdk-10.0.1/lib/src.zip!/java.xml.ws.annotation" type="simple" />
            <root url="jar://D:/Programs/JDK/jdk-10.0.1/lib/src.zip!/jdk.incubator.httpclient" type="simple" />
            <root url="jar://D:/Programs/JDK/jdk-10.0.1/lib/src.zip!/jdk.internal.vm.compiler" type="simple" />
            <root url="jar://D:/Programs/JDK/jdk-10.0.1/lib/src.zip!/jdk.scripting.nashorn.shell" type="simple" />
            <root url="jar://D:/Programs/JDK/jdk-10.0.1/lib/src.zip!/jdk.internal.vm.compiler.management" type="simple" />
          </root>
        </sourcePath>
      </roots>
      <additional />
    </jdk>
  </component>
</application>