<application>
  <component name="NodeJsLocalInterpreterManager">
    <local-interpreter path="D:/Programs/NodeJS/node.exe">
      <version-cache last-modified="0" />
    </local-interpreter>
    <local-interpreter path="C:/Program Files/NodeJS/node.exe">
      <version-cache version="19.0.0" last-modified="1666010286000" />
    </local-interpreter>
    <local-interpreter path="C:/Program Files/nodejs/node.exe">
      <version-cache version="19.0.0" last-modified="1666010286000" />
    </local-interpreter>
  </component>
</application>