<application>
  <component name="PostfixTemplates">
    <template id="iter@userDefined" key=".iter" provider="builtin.java" language-level="10" topmost="true">
      <conditions>
        <condition id="notPrimitive" />
        <condition id="non void" />
      </conditions>
      <template name="fakeKey" value="for (var t$END$ : $EXPR$) {&#10;}" toReformat="true" toShortenFQNames="true" />
    </template>
    <template id="com.intellij.codeInsight.template.postfix.templates.ElseStatementPostfixTemplate#.else" key=".ifn" provider="builtin.java" builtin="com.intellij.codeInsight.template.postfix.templates.ElseStatementPostfixTemplate#.else" />
    <template id="iters@userDefined" key=".iters" provider="builtin.java" language-level="10" topmost="false">
      <conditions>
        <condition id="non void" />
        <condition id="notPrimitive" />
      </conditions>
      <template name="fakeKey" value="for (var t$END$ : $EXPR$) " toReformat="true" toShortenFQNames="true" />
    </template>
  </component>
</application>