<application>
  <component name="PostfixTemplates">
    <template id="orcon@userDefined" key=".orco" provider="builtin.java" language-level="14" topmost="false">
      <conditions />
      <template name="fakeKey" value="if (Strs.orContains($EXPR$, $END$)) {&#10;    &#10;}&#10;" toReformat="true" toShortenFQNames="true" />
    </template>
    <template id="tt@userDefined" key=".tt" provider="builtin.java" language-level="14" topmost="true">
      <conditions />
      <template name="fakeKey" value="Tries.tryThis(() -&gt; $EXPR$);&#10;$END$&#10;" description="" toReformat="true" toShortenFQNames="true" />
    </template>
    <template id="com.intellij.codeInsight.template.postfix.templates.ElseStatementPostfixTemplate#.else" key=".ifn" provider="builtin.java" builtin="com.intellij.codeInsight.template.postfix.templates.ElseStatementPostfixTemplate#.else" />
  </component>
</application>