<application>
  <component name="ProjectManager">
    <defaultProject>
      <component name="AutoImportSettings">
        <option name="autoReloadType" value="SELECTIVE" />
      </component>
      <component name="GradleLocalSettings">
        <option name="myGradleUserHome" value="D:/Gradle" />
      </component>
      <component name="MavenImportPreferences">
        <option name="generalSettings">
          <MavenGeneralSettings>
            <option name="localRepository" value="D:\Maven\repository" />
            <option name="userSettingsFile" value="D:\Maven\conf\settings.xml" />
          </MavenGeneralSettings>
        </option>
      </component>
      <component name="ProjectInspectionProfilesVisibleTreeState">
        <entry key="Project Default">
          <profile-state>
            <expanded-state>
              <State />
              <State>
                <id>Android</id>
              </State>
              <State>
                <id>CorrectnessLintAndroid</id>
              </State>
              <State>
                <id>Java</id>
              </State>
              <State>
                <id>LintAndroid</id>
              </State>
              <State>
                <id>Probable bugsJava</id>
              </State>
              <State>
                <id>RELAX NG</id>
              </State>
              <State>
                <id>XPath</id>
              </State>
              <State>
                <id>XSLT</id>
              </State>
            </expanded-state>
          </profile-state>
        </entry>
      </component>
      <component name="ProjectViewState">
        <option name="autoscrollToSource" value="true" />
        <option name="hideEmptyMiddlePackages" value="true" />
        <option name="showLibraryContents" value="true" />
      </component>
      <component name="PropertiesComponent"><![CDATA[{
  "keyToString": {
    "go.import.settings.migrated": "true",
    "last_opened_file_path": "D:/Programs/Projects/IdeaProjects",
    "settings.editor.selected.configurable": "reference.settingsdialog.project.gradle"
  }
}]]></component>
      <component name="masterDetails">
        <states>
          <state key="ProjectJDKs.UI">
            <settings>
              <last-edited>8</last-edited>
              <splitter-proportions>
                <option name="proportions">
                  <list>
                    <option value="0.2" />
                  </list>
                </option>
              </splitter-proportions>
            </settings>
          </state>
        </states>
      </component>
    </defaultProject>
  </component>
</application>