<application>
  <component name="RemoteServers">
    <remote-server name="Docker" type="docker">
      <configuration>
        <option name="apiUrl" value="http://127.0.0.1" />
        <option name="certificatesPath" />
        <entry contributedKey="DockerSshConnectionConfigurator.SshConfigId" value="c1419454-e529-4297-a372-f8396597fe0f" />
        <option name="customConfiguratorId" value="DockerSshConnectionConfigurator" />
      </configuration>
    </remote-server>
  </component>
</application>